,DEP_LOCID,huborzone
0, ABE, EWR
1, ABI,ZFW
2, ABQ,ZAB
3, ABR,ZMP
4, ABY, TPA
5, ACK,ZBW
6, ACT,ZFW
7, ACV,ZSE
8, ACY, PHL
9, ADK,ZAN
10, ADQ,ZAN
11, ADW, DCA
12, AEX, IAH
13, AGS, CLT
14, AHN, ATL
15, AIA,ZDV
16, AKN,ZAN
17, ALB,ZBW
18, ALM,ZAB
19, ALO, ORD
20, ALS,ZDV
21, ALW,ZSE
22, AMA,ZAB
23, ANC,ZAN
24, ANI,ZAN
25, AOO,ZOB
26, APF, MIA
27, APN,ZMP
28, ART,ZBW
29, ASE,ZDV
30, ATL, ATL
31, ATW, ORD
32, ATY,ZMP
33, AUG,ZBW
34, AUO, ATL
35, AUS, AUS
36, AVL, CLT
37, AVP, EWR
38, IWA,ZAB
39, AZO, MDW
40, BDL,ZBW
41, BED,ZBW
42, BET,ZAN
43, BFD,ZOB
44, BFF,ZDV
45, BFI,ZSE
46, BFL, LAX
47, BFM, IAH
48, BGM, EWR
49, BGR,ZBW
50, BHB,ZBW
51, IFP, LAS
52, BHM, ATL
53, BID,ZBW
54, BIH,ZOA
55, BIL,ZLC
56, BIS,ZMP
57, BJI,ZMP
58, BBG,ZME
59, BKW,ZID
60, BLI,ZSE
61, BLV,ZKC
62, BMG,ZID
63, BMI, MDW
64, BNA,ZME
65, BOI,ZLC
66, BOS,ZBW
67, BPT, IAH
68, BQK, MCO
69, BRD,ZMP
70, BRL, ORD
71, BRO,ZFW
72, BRW,ZAN
73, BTL, MDW
74, BTM,ZLC
75, BTR, IAH
76, BTV,ZBW
77, BUF,ZOB
78, BUR, LAX
79, BWG,ZME
80, BWI, BWI
81, BZN,ZLC
82, CAE, MCO
83, CAK,ZOB
84, CDC,ZLC
85, CDR,ZDV
86, CDV,ZAN
87, CEC,ZSE
88, CEZ,ZDV
89, CGI,ZME
90, CHA, ATL
91, CHO, IAD
92, CHS, MCO
93, CIC,ZOA
94, CID, ORD
95, CIU,ZMP
96, CKB,ZOB
97, CRQ, SAN
98, CLE,ZOB
99, CLL, IAH
100, CLT, CLT
101, CMH,ZID
102, CMI, MDW
103, CMX,ZMP
104, CNM,ZAB
105, CNY,ZDV
106, COD,ZLC
107, COS,ZDV
108, COU,ZKC
109, CPR,ZDV
110, CRP, AUS
111, CRW,ZID
112, CSG, ATL
113, CVG,ZID
114, CVN,ZAB
115, CWA,ZMP
116, CYS,ZDV
117, DAB, MCO
118, DAL,ZFW
119, DAY,ZID
120, DBQ, ORD
121, DCA, DCA
122, DDC,ZKC
123, DEC,ZKC
124, DEN,ZDV
125, DFW,ZFW
126, DHN, TPA
127, DIK,ZMP
128, DLG,ZAN
129, DLH,ZMP
130, DNV, MDW
131, DRO,ZDV
132, DRT, AUS
133, DSM,ZMP
134, DTW,ZOB
135, DUJ,ZOB
136, DUT,ZAN
137, DVL,ZMP
138, EAR,ZMP
139, EAT,ZSE
140, EAU,ZMP
141, ECP, TPA
142, EDW, LAX
143, EGE,ZDV
144, EKO,ZLC
145, ELD,ZFW
146, ELM, EWR
147, ELP,ZAB
148, ENA,ZAN
149, ERI,ZOB
150, ESC,ZMP
151, EUG,ZSE
152, EVV,ZID
153, EWB,ZBW
154, EWN, DCA
155, EWR, EWR
156, EYW, MIA
157, FAI,ZAN
158, FAR,ZMP
159, FAT,ZOA
160, FAY, IAD
161, FKL,ZOB
162, FLG,ZAB
163, FLL, FLL
164, FLO, MCO
165, FNL,ZDV
166, FNT,ZOB
167, FOD,ZMP
168, FOE,ZKC
169, FSD,ZMP
170, FSM,ZME
171, FTW,ZFW
172, FWA, MDW
173, NFW,ZFW
174, GBD,ZKC
175, GCC,ZDV
176, GCK,ZKC
177, GEG,ZSE
178, GFK,ZMP
179, GGG,ZFW
180, GJT,ZDV
181, GLH,ZME
182, GNV, MCO
183, GPM,ZFW
184, GPT, IAH
185, GRB,ZMP
186, GRI,ZMP
187, GRK, AUS
188, GRR, MDW
189, GSO, CLT
190, GSP, CLT
191, GTF,ZLC
192, GTR,ZME
193, GUC,ZDV
194, GUS, MDW
195, GYY, MDW
196, CXY, EWR
197, HDN,ZDV
198, HGR, IAD
199, HXD, MCO
200, HHR, LAX
201, HIB,ZMP
202, HLN,ZLC
203, HNL,ZHN
204, HOB,ZFW
205, HOM,ZAN
206, HON,ZMP
207, HOT,ZME
208, HOU, IAH
209, HPN,ZBW
210, HRL,ZFW
211, HRO,ZME
212, HSV,ZME
213, HTS,ZID
214, HVN,ZBW
215, HYA,ZBW
216, HYS,ZKC
217, IAD, IAD
218, IAG,ZOB
219, IAH, IAH
220, ICT,ZKC
221, IDA,ZLC
222, ILG, PHL
223, ILM, DCA
224, IMT,ZMP
225, IND,ZID
226, INL,ZMP
227, IPL, SAN
228, IPT, EWR
229, IRK,ZKC
230, ISN,ZLC
231, ISP,ZBW
232, ITH, EWR
233, ITO,ZHN
234, IWD,ZMP
235, IYK, LAX
236, JAC,ZLC
237, JAN,ZME
238, JAX, MCO
239, JBR,ZME
240, JFK, JFK
241, JHM,ZHN
242, JHW,ZOB
243, JLN,ZKC
244, JMS,ZMP
245, JNU,ZAN
246, JQF, CLT
247, JST,ZOB
248, KOA,ZHN
249, KSM,ZAN
250, KTN,ZAN
251, LAF, MDW
252, LAM,ZAB
253, LAN,ZOB
254, LAR,ZDV
255, LAS, LAS
256, LAW,ZFW
257, LAX, LAX
258, LBB,ZFW
259, LBE,ZOB
260, LBF,ZDV
261, LBL,ZKC
262, LCH, IAH
263, LCK,ZID
264, LEB,ZBW
265, LEX,ZID
266, LFT, IAH
267, LGA, LGA
268, LGB, LAX
269, LIH,ZHN
270, LIT,ZME
271, LMT,ZSE
272, LNK,ZMP
273, LNS, EWR
274, LNY,ZHN
275, LRD,ZFW
276, LSE,ZMP
277, LUK,ZID
278, LUP,ZHN
279, LVK,ZOA
280, LWB, IAD
281, LWS,ZSE
282, LYH, IAD
283, MAF,ZFW
284, MBL,ZMP
285, MBS,ZOB
286, MCE,ZOA
287, MCI,ZKC
288, MCK,ZDV
289, MCN, ATL
290, MCO, MCO
291, MCW,ZMP
292, MDT, EWR
293, MDW, MDW
294, MEI,ZME
295, MEM,ZME
296, MFE,ZFW
297, MFR,ZSE
298, MGM, ATL
299, MGW,ZOB
300, MHK,ZKC
301, MHR,ZOA
302, MHT,ZBW
303, MIA, MIA
304, MKC,ZKC
305, MKE, ORD
306, MKG, ORD
307, MKK,ZHN
308, MKL,ZME
309, MLB, FLL
310, MLI, ORD
311, MLU,ZFW
312, MMH,ZOA
313, MMU, EWR
314, MOB, IAH
315, MOD,ZOA
316, MOT,ZMP
317, MQT,ZMP
318, MQY,ZME
319, MRY,ZOA
320, MSL,ZME
321, MSN, ORD
322, MSO,ZLC
323, MSP,ZMP
324, MSS,ZBW
325, MSY, IAH
326, MTJ,ZDV
327, MUO,ZLC
328, MVY,ZBW
329, MWA,ZKC
330, MWH,ZSE
331, MYR, MCO
332, NEW, IAH
333, OAJ, DCA
334, OAK,ZOA
335, OGD,ZLC
336, OGG,ZHN
337, OGS,ZBW
338, OKC,ZFW
339, OLV,ZME
340, OMA,ZMP
341, OME,ZAN
342, ONP,ZSE
343, ONT, LAX
344, ORD, ORD
345, ORF, DCA
346, ORH,ZBW
347, OTH,ZSE
348, OTZ,ZAN
349, OWB,ZID
350, OXR, LAX
351, PAE,ZSE
352, PAH,ZME
353, PAM, TPA
354, PBG,ZBW
355, PBI, FLL
356, PDK, ATL
357, PDT,ZSE
358, PDX,ZSE
359, PGA,ZDV
360, PGD, FLL
361, PGV, DCA
362, PHF, DCA
363, PHL, PHL
364, PHX,ZAB
365, PIA, MDW
366, PIB, IAH
367, PIE, FLL
368, PIH,ZLC
369, PIR,ZMP
370, PIT,ZOB
371, PKB,ZID
372, PLN,ZMP
373, PNS, TPA
374, PQI,ZBW
375, PRC,ZAB
376, PSC,ZSE
377, PSG,ZAN
378, PSM,ZBW
379, PSP, SAN
380, PTH,ZAN
381, PTK,ZOB
382, PUB,ZDV
383, PUW,ZSE
384, PVC,ZBW
385, PVD,ZBW
386, PVU,ZLC
387, PWM,ZBW
388, FFC, ATL
389, RAP,ZDV
390, RDD,ZOA
391, RDM,ZSE
392, RDU, IAD
393, RFD, ORD
394, RHI,ZMP
395, RIC, DCA
396, RIV, LAX
397, RIW,ZLC
398, RKD,ZBW
399, RKS,ZLC
400, RME,ZBW
401, RNO,ZOA
402, ROA, IAD
403, ROC,ZOB
404, ROW,ZAB
405, RST,ZMP
406, RSW, MIA
407, RUT,ZBW
408, SAF,ZAB
409, SAN, SAN
410, SAT, AUS
411, SAV, MCO
412, SBA, LAX
413, SBN, MDW
414, SBP, LAX
415, SBY, BWI
416, SCC,ZAN
417, UNV, BWI
418, SCK,ZOA
419, SDF,ZID
420, SDP,ZAN
421, SEA,ZSE
422, SFB, MCO
423, SFO,ZOA
424, SGF,ZKC
425, SGU, LAS
426, SHD, IAD
427, SHR,ZLC
428, SHV,ZFW
429, SIT,ZAN
430, SJC,ZOA
431, SJT,ZFW
432, SLC,ZLC
433, SLE,ZSE
434, SLK,ZBW
435, SLN,ZKC
436, SMF,ZOA
437, SMX, LAX
438, SNA, LAX
439, SOW,ZAB
440, SPI,ZKC
441, SPS,ZFW
442, SRQ, FLL
443, STC,ZMP
444, STL,ZKC
445, STS,ZOA
446, SUN,ZLC
447, SUX,ZMP
448, SVC,ZAB
449, SWF,ZBW
450, SWO,ZKC
451, SYR,ZBW
452, TBN,ZKC
453, TEB, LGA
454, TEX,ZDV
455, TLH, TPA
456, TOL,ZOB
457, TPA, TPA
458, TRI, CLT
459, TTN, PHL
460, TUL,ZKC
461, TUP,ZME
462, TUS,ZAB
463, TVC,ZMP
464, TVF,ZMP
465, TWF,ZLC
466, TXK,ZFW
467, TYR,ZFW
468, TYS, ATL
469, UIN,ZKC
470, UNK,ZAN
471, UTM,ZME
472, VCT, AUS
473, VCV, LAX
474, VDZ,ZAN
475, VEL,ZLC
476, VIS,ZOA
477, VLD, TPA
478, VNY, LAX
479, VPS, TPA
480, VRB, FLL
481, WRG,ZAN
482, WYS,ZLC
483, XNA,ZME
484, LCQ, MCO
485, YAK,ZAN
486, YIP,ZOB
487, YKM,ZSE
488, YNG,ZOB
489, YUM, SAN
490,PAGA,ZAN
491,PAKT,ZAN
492,PAVD,ZAN
493,PAIL,ZAN
494,PACD,ZAN
495,PASN,ZAN
