,AIRPORT_STATE_CODE,LATITUDE,LONGITUDE,AIRPORT,LOCID,Zone,huborzone
0,PA,40.65222222,-75.44055556,ABE, ABE,ZNY, EWR
1,TX,32.41138889,-99.68194444,ABI, ABI,ZFW,ZFW
2,NM,35.03888889,-106.60833333,ABQ, ABQ,ZAB,ZAB
3,SD,45.44666667,-98.4225,ABR, ABR,ZMP,ZMP
4,GA,31.53555556,-84.19444444,ABY, ABY,ZJX, TPA
5,MA,41.25305556,-70.06,ACK, ACK,ZBW,ZBW
6,TX,31.61222222,-97.23027778,ACT, ACT,ZFW,ZFW
7,CA,40.97777778,-124.10833333,ACV, ACV,ZSE,ZSE
8,NJ,39.4575,-74.57722222,ACY, ACY,ZDC, PHL
9,AK,51.88361111,-176.6425,ADK, ADK,ZAN,ZAN
10,AK,57.74972222,-152.49388889,ADQ, ADQ,ZAN,ZAN
11,MD,38.81083333,-76.86694444,ADW, ADW,ZDC, DCA
12,LA,31.3275,-92.54861111,AEX, AEX,ZHU, IAH
13,GA,33.37,-81.96444444,AGS, AGS,ZTL, CLT
14,GA,33.94861111,-83.32583333,AHN, AHN,ZTL, ATL
15,NE,42.05333333,-102.80361111,AIA, AIA,ZDV,ZDV
16,AK,58.67638889,-156.64861111,AKN, AKN,ZAN,ZAN
17,NY,42.74916667,-73.80194444,ALB, ALB,ZBW,ZBW
18,NM,32.83944444,-105.99111111,ALM, ALM,ZAB,ZAB
19,IA,42.55694444,-92.40027778,ALO, ALO,ZAU, ORD
20,CO,37.435,-105.86777778,ALS, ALS,ZDV,ZDV
21,WA,46.09527778,-118.28583333,ALW, ALW,ZSE,ZSE
22,TX,35.21944444,-101.70583333,AMA, AMA,ZAB,ZAB
23,AK,61.17416667,-149.99805556,ANC, ANC,ZAN,ZAN
24,AK,61.58166667,-159.54305556,ANI, ANI,ZAN,ZAN
25,PA,40.29638889,-78.32,AOO, AOO,ZOB,ZOB
26,FL,26.1525,-81.77555556,APF, APF,ZMA, MIA
27,MI,45.07805556,-83.56027778,APN, APN,ZMP,ZMP
28,NY,43.99194444,-76.01944444,ART, ART,ZBW,ZBW
29,CO,39.22194444,-106.86833333,ASE, ASE,ZDV,ZDV
30,GA,33.63666667,-84.42777778,ATL, ATL,ZTL, ATL
31,WI,44.25805556,-88.51916667,ATW, ATW,ZAU, ORD
32,SD,44.91388889,-97.15472222,ATY, ATY,ZMP,ZMP
33,ME,44.32055556,-69.79722222,AUG, AUG,ZBW,ZBW
34,AL,32.615,-85.43388889,AUO, AUO,ZTL, ATL
35,TX,30.19444444,-97.67,AUS, AUS,ZHU, AUS
36,NC,35.43444444,-82.54277778,AVL, AVL,ZTL, CLT
37,PA,41.33833333,-75.72333333,AVP, AVP,ZNY, EWR
38,AZ,33.30777778,-111.65555556,IWA, IWA,ZAB,ZAB
39,MI,42.23444444,-85.55166667,AZO, AZO,ZAU, MDW
40,CT,41.93916667,-72.68333333,BDL, BDL,ZBW,ZBW
41,MA,42.47,-71.28888889,BED, BED,ZBW,ZBW
42,AK,60.77861111,-161.83722222,BET, BET,ZAN,ZAN
43,PA,41.80305556,-78.64,BFD, BFD,ZOB,ZOB
44,NE,41.87416667,-103.59555556,BFF, BFF,ZDV,ZDV
45,WA,47.53,-122.30194444,BFI, BFI,ZSE,ZSE
46,CA,35.43388889,-119.05777778,BFL, BFL,ZLA, LAX
47,AL,30.62666667,-88.06805556,BFM, BFM,ZHU, IAH
48,NY,42.20833333,-75.97972222,BGM, BGM,ZNY, EWR
49,ME,44.8075,-68.82805556,BGR, BGR,ZBW,ZBW
50,ME,44.44972222,-68.36166667,BHB, BHB,ZBW,ZBW
51,AZ,35.15472222,-114.55944444,IFP, IFP,ZLA, LAS
52,AL,33.56388889,-86.75222222,BHM, BHM,ZTL, ATL
53,RI,41.16805556,-71.57777778,BID, BID,ZBW,ZBW
54,CA,37.37305556,-118.36361111,BIH, BIH,ZOA,ZOA
55,MT,45.80777778,-108.54361111,BIL, BIL,ZLC,ZLC
56,ND,46.77277778,-100.74583333,BIS, BIS,ZMP,ZMP
57,MN,47.51083333,-94.93472222,BJI, BJI,ZMP,ZMP
58,MO,36.53194444,-93.20055556,BBG, BBG,ZME,ZME
59,WV,37.78722222,-81.12416667,BKW, BKW,ZID,ZID
60,WA,48.79277778,-122.5375,BLI, BLI,ZSE,ZSE
61,IL,38.54527778,-89.83527778,BLV, BLV,ZKC,ZKC
62,IN,39.14611111,-86.61666667,BMG, BMG,ZID,ZID
63,IL,40.47722222,-88.91583333,BMI, BMI,ZAU, MDW
64,TN,36.12444444,-86.67805556,BNA, BNA,ZME,ZME
65,ID,43.56444444,-116.22277778,BOI, BOI,ZLC,ZLC
66,MA,42.36305556,-71.00638889,BOS, BOS,ZBW,ZBW
67,TX,29.95083333,-94.02055556,BPT, BPT,ZHU, IAH
68,GA,31.25916667,-81.46638889,BQK, BQK,ZJX, MCO
69,MN,46.40416667,-94.13361111,BRD, BRD,ZMP,ZMP
70,IA,40.78333333,-91.12555556,BRL, BRL,ZAU, ORD
71,TX,25.91083333,-97.42888889,BRO, BRO,ZFW,ZFW
72,AK,71.28472222,-156.76861111,BRW, BRW,ZAN,ZAN
73,MI,42.30638889,-85.25,BTL, BTL,ZAU, MDW
74,MT,45.95472222,-112.4975,BTM, BTM,ZLC,ZLC
75,LA,30.53305556,-91.15,BTR, BTR,ZHU, IAH
76,VT,44.47194444,-73.15333333,BTV, BTV,ZBW,ZBW
77,NY,42.94055556,-78.73055556,BUF, BUF,ZOB,ZOB
78,CA,34.20055556,-118.35861111,BUR, BUR,ZLA, LAX
79,KY,36.96444444,-86.41972222,BWG, BWG,ZME,ZME
80,MD,39.17583333,-76.66888889,BWI, BWI,ZDC, BWI
81,MT,45.77722222,-111.15027778,BZN, BZN,ZLC,ZLC
82,SC,33.93888889,-81.11944444,CAE, CAE,ZJX, MCO
83,OH,40.915,-81.44361111,CAK, CAK,ZOB,ZOB
84,UT,37.70083333,-113.09888889,CDC, CDC,ZLC,ZLC
85,NE,42.8375,-103.09527778,CDR, CDR,ZDV,ZDV
86,AK,60.49166667,-145.4775,CDV, CDV,ZAN,ZAN
87,CA,41.78027778,-124.23666667,CEC, CEC,ZSE,ZSE
88,CO,37.30305556,-108.62805556,CEZ, CEZ,ZDV,ZDV
89,MO,37.22527778,-89.57083333,CGI, CGI,ZME,ZME
90,TN,35.03527778,-85.20361111,CHA, CHA,ZTL, ATL
91,VA,38.13972222,-78.45222222,CHO, CHO,ZDC, IAD
92,SC,32.89861111,-80.04055556,CHS, CHS,ZJX, MCO
93,CA,39.79527778,-121.85833333,CIC, CIC,ZOA,ZOA
94,IA,41.88472222,-91.71083333,CID, CID,ZAU, ORD
95,MI,46.25083333,-84.4725,CIU, CIU,ZMP,ZMP
96,WV,39.29777778,-80.2275,CKB, CKB,ZOB,ZOB
97,CA,33.12833333,-117.28,CRQ, CRQ,ZLA, SAN
98,OH,41.40944444,-81.85472222,CLE, CLE,ZOB,ZOB
99,TX,30.58861111,-96.36388889,CLL, CLL,ZHU, IAH
100,NC,35.21361111,-80.94916667,CLT, CLT,ZTL, CLT
101,OH,39.99694444,-82.89222222,CMH, CMH,ZID,ZID
102,IL,40.03888889,-88.27777778,CMI, CMI,ZAU, MDW
103,MI,47.16833333,-88.48916667,CMX, CMX,ZMP,ZMP
104,NM,32.3375,-104.26333333,CNM, CNM,ZAB,ZAB
105,UT,38.755,-109.75472222,CNY, CNY,ZDV,ZDV
106,WY,44.52027778,-109.02388889,COD, COD,ZLC,ZLC
107,CO,38.80583333,-104.70083333,COS, COS,ZDV,ZDV
108,MO,38.81722222,-92.21805556,COU, COU,ZKC,ZKC
109,WY,42.90583333,-106.46361111,CPR, CPR,ZDV,ZDV
110,TX,27.77222222,-97.5025,CRP, CRP,ZHU, AUS
111,WV,38.37583333,-81.59305556,CRW, CRW,ZID,ZID
112,GA,32.51638889,-84.93888889,CSG, CSG,ZTL, ATL
113,KY,39.04888889,-84.66777778,CVG, CVG,ZID,ZID
114,NM,34.42666667,-103.0775,CVN, CVN,ZAB,ZAB
115,WI,44.7775,-89.66666667,CWA, CWA,ZMP,ZMP
116,WY,41.15555556,-104.81055556,CYS, CYS,ZDV,ZDV
117,FL,29.18,-81.05805556,DAB, DAB,ZJX, MCO
118,TX,32.84722222,-96.85166667,DAL, DAL,ZFW,ZFW
119,OH,39.90222222,-84.21944444,DAY, DAY,ZID,ZID
120,IA,42.40194444,-90.70944444,DBQ, DBQ,ZAU, ORD
121,VA,38.85138889,-77.03777778,DCA, DCA,ZDC, DCA
122,KS,37.76305556,-99.96555556,DDC, DDC,ZKC,ZKC
123,IL,39.83444444,-88.86555556,DEC, DEC,ZKC,ZKC
124,CO,39.86166667,-104.67305556,DEN, DEN,ZDV,ZDV
125,TX,32.89722222,-97.03777778,DFW, DFW,ZFW,ZFW
126,AL,31.32111111,-85.44944444,DHN, DHN,ZJX, TPA
127,ND,46.79722222,-102.80194444,DIK, DIK,ZMP,ZMP
128,AK,59.04472222,-158.50555556,DLG, DLG,ZAN,ZAN
129,MN,46.84194444,-92.19361111,DLH, DLH,ZMP,ZMP
130,IL,40.19972222,-87.59555556,DNV, DNV,ZAU, MDW
131,CO,37.16388889,-107.74222222,DRO, DRO,ZDV,ZDV
132,TX,29.37416667,-100.92722222,DRT, DRT,ZHU, AUS
133,IA,41.53416667,-93.6575,DSM, DSM,ZMP,ZMP
134,MI,42.2125,-83.35333333,DTW, DTW,ZOB,ZOB
135,PA,41.17833333,-78.89861111,DUJ, DUJ,ZOB,ZOB
136,AK,53.89888889,-166.545,DUT, DUT,ZAN,ZAN
137,ND,48.11666667,-98.91,DVL, DVL,ZMP,ZMP
138,NE,40.72694444,-99.00666667,EAR, EAR,ZMP,ZMP
139,WA,47.39888889,-120.20694444,EAT, EAT,ZSE,ZSE
140,WI,44.86583333,-91.48416667,EAU, EAU,ZMP,ZMP
141,FL,30.35833333,-85.79555556,ECP, ECP,ZJX, TPA
142,CA,34.91805556,-117.87916667,EDW, EDW,ZLA, LAX
143,CO,39.64277778,-106.91583333,EGE, EGE,ZDV,ZDV
144,NV,40.825,-115.79138889,EKO, EKO,ZLC,ZLC
145,AR,33.22083333,-92.81333333,ELD, ELD,ZFW,ZFW
146,NY,42.15972222,-76.89194444,ELM, ELM,ZNY, EWR
147,TX,31.80722222,-106.37638889,ELP, ELP,ZAB,ZAB
148,AK,60.57333333,-151.24472222,ENA, ENA,ZAN,ZAN
149,PA,42.08305556,-80.17388889,ERI, ERI,ZOB,ZOB
150,MI,45.72277778,-87.09361111,ESC, ESC,ZMP,ZMP
151,OR,44.12444444,-123.21194444,EUG, EUG,ZSE,ZSE
152,IN,38.04083333,-87.52861111,EVV, EVV,ZID,ZID
153,MA,41.67666667,-70.95777778,EWB, EWB,ZBW,ZBW
154,NC,35.07277778,-77.04305556,EWN, EWN,ZDC, DCA
155,NJ,40.6925,-74.16861111,EWR, EWR,ZNY, EWR
156,FL,24.55611111,-81.75944444,EYW, EYW,ZMA, MIA
157,AK,64.815,-147.85638889,FAI, FAI,ZAN,ZAN
158,ND,46.92055556,-96.81583333,FAR, FAR,ZMP,ZMP
159,CA,36.77666667,-119.71888889,FAT, FAT,ZOA,ZOA
160,NC,34.99111111,-78.88027778,FAY, FAY,ZDC, IAD
161,PA,41.3775,-79.86055556,FKL, FKL,ZOB,ZOB
162,AZ,35.14027778,-111.66916667,FLG, FLG,ZAB,ZAB
163,FL,26.07166667,-80.14972222,FLL, FLL,ZMA, FLL
164,SC,34.18527778,-79.72388889,FLO, FLO,ZJX, MCO
165,CO,40.45194444,-105.01138889,FNL, FNL,ZDV,ZDV
166,MI,42.96555556,-83.74472222,FNT, FNT,ZOB,ZOB
167,IA,42.55111111,-94.19194444,FOD, FOD,ZMP,ZMP
168,KS,38.95083333,-95.66361111,FOE, FOE,ZKC,ZKC
169,SD,43.58194444,-96.74194444,FSD, FSD,ZMP,ZMP
170,AR,35.33666667,-94.3675,FSM, FSM,ZME,ZME
171,TX,32.81972222,-97.3625,FTW, FTW,ZFW,ZFW
172,IN,40.97833333,-85.19527778,FWA, FWA,ZAU, MDW
173,TX,32.76916667,-97.44166667,NFW, NFW,ZFW,ZFW
174,KS,38.34416667,-98.85916667,GBD, GBD,ZKC,ZKC
175,WY,44.34888889,-105.53944444,GCC, GCC,ZDV,ZDV
176,KS,37.9275,-100.72444444,GCK, GCK,ZKC,ZKC
177,WA,47.61916667,-117.53527778,GEG, GEG,ZSE,ZSE
178,ND,47.94722222,-97.17388889,GFK, GFK,ZMP,ZMP
179,TX,32.38388889,-94.71138889,GGG, GGG,ZFW,ZFW
180,CO,39.1225,-108.52666667,GJT, GJT,ZDV,ZDV
181,MS,33.48277778,-90.98555556,GLH, GLH,ZME,ZME
182,FL,29.69,-82.27166667,GNV, GNV,ZJX, MCO
183,TX,32.69888889,-97.04694444,GPM, GPM,ZFW,ZFW
184,MS,30.40722222,-89.07,GPT, GPT,ZHU, IAH
185,WI,44.48472222,-88.12972222,GRB, GRB,ZMP,ZMP
186,NE,40.9675,-98.30972222,GRI, GRI,ZMP,ZMP
187,TX,31.06722222,-97.82888889,GRK, GRK,ZHU, AUS
188,MI,42.88083333,-85.52277778,GRR, GRR,ZAU, MDW
189,NC,36.10138889,-79.94111111,GSO, GSO,ZTL, CLT
190,SC,34.89555556,-82.21888889,GSP, GSP,ZTL, CLT
191,MT,47.48222222,-111.37027778,GTF, GTF,ZLC,ZLC
192,MS,33.44833333,-88.59138889,GTR, GTR,ZME,ZME
193,CO,38.53444444,-106.93166667,GUC, GUC,ZDV,ZDV
194,IN,40.64805556,-86.15222222,GUS, GUS,ZAU, MDW
195,IN,41.61722222,-87.41444444,GYY, GYY,ZAU, MDW
196,PA,40.21722222,-76.85138889,CXY, CXY,ZNY, EWR
197,CO,40.48111111,-107.21777778,HDN, HDN,ZDV,ZDV
198,MD,39.70861111,-77.72638889,HGR, HGR,ZDC, IAD
199,SC,32.22444444,-80.6975,HXD, HXD,ZJX, MCO
200,CA,33.92277778,-118.33527778,HHR, HHR,ZLA, LAX
201,MN,47.38666667,-92.83888889,HIB, HIB,ZMP,ZMP
202,MT,46.60666667,-111.98333333,HLN, HLN,ZLC,ZLC
203,HI,21.31777778,-157.92027778,HNL, HNL,ZHN,ZHN
204,NM,32.6875,-103.21722222,HOB, HOB,ZFW,ZFW
205,AK,59.645,-151.48583333,HOM, HOM,ZAN,ZAN
206,SD,44.38527778,-98.22861111,HON, HON,ZMP,ZMP
207,AR,34.47805556,-93.09611111,HOT, HOT,ZME,ZME
208,TX,29.64555556,-95.27888889,HOU, HOU,ZHU, IAH
209,NY,41.06694444,-73.7075,HPN, HPN,ZBW,ZBW
210,TX,26.22722222,-97.65527778,HRL, HRL,ZFW,ZFW
211,AR,36.26138889,-93.15472222,HRO, HRO,ZME,ZME
212,AL,34.63722222,-86.775,HSV, HSV,ZME,ZME
213,WV,38.36861111,-82.56027778,HTS, HTS,ZID,ZID
214,CT,41.26388889,-72.88694444,HVN, HVN,ZBW,ZBW
215,MA,41.66944444,-70.28027778,HYA, HYA,ZBW,ZBW
216,KS,38.84222222,-99.27305556,HYS, HYS,ZKC,ZKC
217,VA,38.9475,-77.46,IAD, IAD,ZDC, IAD
218,NY,43.1075,-78.94583333,IAG, IAG,ZOB,ZOB
219,TX,29.98444444,-95.34138889,IAH, IAH,ZHU, IAH
220,KS,37.65,-97.43305556,ICT, ICT,ZKC,ZKC
221,ID,43.51361111,-112.07083333,IDA, IDA,ZLC,ZLC
222,DE,39.67861111,-75.60666667,ILG, ILG,ZDC, PHL
223,NC,34.27111111,-77.90277778,ILM, ILM,ZDC, DCA
224,MI,45.81833333,-88.11444444,IMT, IMT,ZMP,ZMP
225,IN,39.71722222,-86.29472222,IND, IND,ZID,ZID
226,MN,48.56555556,-93.40222222,INL, INL,ZMP,ZMP
227,CA,32.83416667,-115.57888889,IPL, IPL,ZLA, SAN
228,PA,41.24166667,-76.92194444,IPT, IPT,ZNY, EWR
229,MO,40.09333333,-92.545,IRK, IRK,ZKC,ZKC
230,ND,48.17805556,-103.64222222,ISN, ISN,ZLC,ZLC
231,NY,40.79527778,-73.10027778,ISP, ISP,ZBW,ZBW
232,NY,42.49138889,-76.45861111,ITH, ITH,ZNY, EWR
233,HI,19.72027778,-155.04833333,ITO, ITO,ZHN,ZHN
234,MI,46.5275,-90.13138889,IWD, IWD,ZMP,ZMP
235,CA,35.65861111,-117.82944444,IYK, IYK,ZLA, LAX
236,WY,43.60722222,-110.73777778,JAC, JAC,ZLC,ZLC
237,MS,32.31111111,-90.07583333,JAN, JAN,ZME,ZME
238,FL,30.49416667,-81.68777778,JAX, JAX,ZJX, MCO
239,AR,35.83166667,-90.64638889,JBR, JBR,ZME,ZME
240,NY,40.64,-73.77861111,JFK, JFK,ZNY, JFK
241,HI,20.96305556,-156.67305556,JHM, JHM,ZHN,ZHN
242,NY,42.15333333,-79.25805556,JHW, JHW,ZOB,ZOB
243,MO,37.15305556,-94.49888889,JLN, JLN,ZKC,ZKC
244,ND,46.92972222,-98.67805556,JMS, JMS,ZMP,ZMP
245,AK,58.35472222,-134.57833333,JNU, JNU,ZAN,ZAN
246,NC,35.38777778,-80.70916667,JQF, JQF,ZTL, CLT
247,PA,40.31555556,-78.83472222,JST, JST,ZOB,ZOB
248,HI,19.73888889,-156.04555556,KOA, KOA,ZHN,ZHN
249,AK,62.06083333,-163.30194444,KSM, KSM,ZAN,ZAN
250,AK,55.35416667,-131.71111111,KTN, KTN,ZAN,ZAN
251,IN,40.41222222,-86.93694444,LAF, LAF,ZAU, MDW
252,NM,35.87972222,-106.26861111,LAM, LAM,ZAB,ZAB
253,MI,42.77861111,-84.58611111,LAN, LAN,ZOB,ZOB
254,WY,41.31194444,-105.675,LAR, LAR,ZDV,ZDV
255,NV,36.08,-115.15222222,LAS, LAS,ZLA, LAS
256,OK,34.56777778,-98.41666667,LAW, LAW,ZFW,ZFW
257,CA,33.9425,-118.40805556,LAX, LAX,ZLA, LAX
258,TX,33.66361111,-101.82055556,LBB, LBB,ZFW,ZFW
259,PA,40.27305556,-79.41027778,LBE, LBE,ZOB,ZOB
260,NE,41.12611111,-100.68361111,LBF, LBF,ZDV,ZDV
261,KS,37.04388889,-100.96,LBL, LBL,ZKC,ZKC
262,LA,30.12611111,-93.22333333,LCH, LCH,ZHU, IAH
263,OH,39.81388889,-82.92777778,LCK, LCK,ZID,ZID
264,NH,43.62611111,-72.30416667,LEB, LEB,ZBW,ZBW
265,KY,38.03666667,-84.60861111,LEX, LEX,ZID,ZID
266,LA,30.205,-91.98777778,LFT, LFT,ZHU, IAH
267,NY,40.77722222,-73.8725,LGA, LGA,ZNY, LGA
268,CA,33.81777778,-118.15138889,LGB, LGB,ZLA, LAX
269,HI,21.97611111,-159.33888889,LIH, LIH,ZHN,ZHN
270,AR,34.72944444,-92.22472222,LIT, LIT,ZME,ZME
271,OR,42.15611111,-121.73305556,LMT, LMT,ZSE,ZSE
272,NE,40.85083333,-96.75916667,LNK, LNK,ZMP,ZMP
273,PA,40.12222222,-76.29444444,LNS, LNS,ZNY, EWR
274,HI,20.78555556,-156.95138889,LNY, LNY,ZHN,ZHN
275,TX,27.54416667,-99.46166667,LRD, LRD,ZFW,ZFW
276,WI,43.87916667,-91.25666667,LSE, LSE,ZMP,ZMP
277,OH,39.10333333,-84.41861111,LUK, LUK,ZID,ZID
278,HI,21.21111111,-156.97361111,LUP, LUP,ZHN,ZHN
279,CA,37.69333333,-121.82027778,LVK, LVK,ZOA,ZOA
280,WV,37.85833333,-80.39944444,LWB, LWB,ZDC, IAD
281,ID,46.37444444,-117.01527778,LWS, LWS,ZSE,ZSE
282,VA,37.32666667,-79.20111111,LYH, LYH,ZDC, IAD
283,TX,31.9425,-102.20194444,MAF, MAF,ZFW,ZFW
284,MI,44.2725,-86.24694444,MBL, MBL,ZMP,ZMP
285,MI,43.53305556,-84.07972222,MBS, MBS,ZOB,ZOB
286,CA,37.28472222,-120.51388889,MCE, MCE,ZOA,ZOA
287,MO,39.2975,-94.71388889,MCI, MCI,ZKC,ZKC
288,NE,40.20638889,-100.59194444,MCK, MCK,ZDV,ZDV
289,GA,32.69277778,-83.64916667,MCN, MCN,ZTL, ATL
290,FL,28.42944444,-81.30888889,MCO, MCO,ZJX, MCO
291,IA,43.15777778,-93.33111111,MCW, MCW,ZMP,ZMP
292,PA,40.19305556,-76.7625,MDT, MDT,ZNY, EWR
293,IL,41.78583333,-87.7525,MDW, MDW,ZAU, MDW
294,MS,32.3325,-88.75194444,MEI, MEI,ZME,ZME
295,TN,35.0425,-89.97666667,MEM, MEM,ZME,ZME
296,TX,26.17583333,-98.23861111,MFE, MFE,ZFW,ZFW
297,OR,42.37416667,-122.87361111,MFR, MFR,ZSE,ZSE
298,AL,32.30055556,-86.39388889,MGM, MGM,ZTL, ATL
299,WV,39.64361111,-79.9175,MGW, MGW,ZOB,ZOB
300,KS,39.14111111,-96.67166667,MHK, MHK,ZKC,ZKC
301,CA,38.55527778,-121.29722222,MHR, MHR,ZOA,ZOA
302,NH,42.93277778,-71.43583333,MHT, MHT,ZBW,ZBW
303,FL,25.79527778,-80.29,MIA, MIA,ZMA, MIA
304,MO,39.12305556,-94.59277778,MKC, MKC,ZKC,ZKC
305,WI,42.94694444,-87.89694444,MKE, MKE,ZAU, ORD
306,MI,43.16888889,-86.2375,MKG, MKG,ZAU, ORD
307,HI,21.15277778,-157.09638889,MKK, MKK,ZHN,ZHN
308,TN,35.6,-88.91555556,MKL, MKL,ZME,ZME
309,FL,28.10277778,-80.64527778,MLB, MLB,ZMA, FLL
310,IL,41.44833333,-90.5075,MLI, MLI,ZAU, ORD
311,LA,32.51083333,-92.03777778,MLU, MLU,ZFW,ZFW
312,CA,37.63111111,-118.85138889,MMH, MMH,ZOA,ZOA
313,NJ,40.79944444,-74.415,MMU, MMU,ZNY, EWR
314,AL,30.69138889,-88.24277778,MOB, MOB,ZHU, IAH
315,CA,37.62583333,-120.95444444,MOD, MOD,ZOA,ZOA
316,ND,48.25777778,-101.27805556,MOT, MOT,ZMP,ZMP
317,MI,46.35361111,-87.39527778,MQT, MQT,ZMP,ZMP
318,TN,36.00888889,-86.52,MQY, MQY,ZME,ZME
319,CA,36.58694444,-121.84305556,MRY, MRY,ZOA,ZOA
320,AL,34.74527778,-87.61027778,MSL, MSL,ZME,ZME
321,WI,43.14,-89.3375,MSN, MSN,ZAU, ORD
322,MT,46.91638889,-114.09055556,MSO, MSO,ZLC,ZLC
323,MN,44.88194444,-93.22166667,MSP, MSP,ZMP,ZMP
324,NY,44.93638889,-74.845,MSS, MSS,ZBW,ZBW
325,LA,29.99333333,-90.25916667,MSY, MSY,ZHU, IAH
326,CO,38.50972222,-107.89416667,MTJ, MTJ,ZDV,ZDV
327,ID,43.04361111,-115.8725,MUO, MUO,ZLC,ZLC
328,MA,41.39333333,-70.61388889,MVY, MVY,ZBW,ZBW
329,IL,37.755,-89.01111111,MWA, MWA,ZKC,ZKC
330,WA,47.20861111,-119.31916667,MWH, MWH,ZSE,ZSE
331,SC,33.67972222,-78.92833333,MYR, MYR,ZJX, MCO
332,LA,30.0425,-90.02833333,NEW, NEW,ZHU, IAH
333,NC,34.82916667,-77.61222222,OAJ, OAJ,ZDC, DCA
334,CA,37.72111111,-122.22111111,OAK, OAK,ZOA,ZOA
335,UT,41.19555556,-112.01305556,OGD, OGD,ZLC,ZLC
336,HI,20.89861111,-156.43055556,OGG, OGG,ZHN,ZHN
337,NY,44.68222222,-75.46333333,OGS, OGS,ZBW,ZBW
338,OK,35.39305556,-97.60083333,OKC, OKC,ZFW,ZFW
339,MS,34.97861111,-89.78694444,OLV, OLV,ZME,ZME
340,NE,41.30305556,-95.89416667,OMA, OMA,ZMP,ZMP
341,AK,64.5125,-165.44444444,OME, OME,ZAN,ZAN
342,OR,44.58027778,-124.05805556,ONP, ONP,ZSE,ZSE
343,CA,34.05611111,-117.60111111,ONT, ONT,ZLA, LAX
344,IL,41.97722222,-87.90805556,ORD, ORD,ZAU, ORD
345,VA,36.89472222,-76.20111111,ORF, ORF,ZDC, DCA
346,MA,42.26722222,-71.87555556,ORH, ORH,ZBW,ZBW
347,OR,43.41694444,-124.24694444,OTH, OTH,ZSE,ZSE
348,AK,66.88472222,-162.59805556,OTZ, OTZ,ZAN,ZAN
349,KY,37.73888889,-87.16694444,OWB, OWB,ZID,ZID
350,CA,34.20083333,-119.20722222,OXR, OXR,ZLA, LAX
351,WA,47.90694444,-122.28166667,PAE, PAE,ZSE,ZSE
352,KY,37.06027778,-88.77305556,PAH, PAH,ZME,ZME
353,FL,30.06916667,-85.575,PAM, PAM,ZJX, TPA
354,NY,44.65083333,-73.46805556,PBG, PBG,ZBW,ZBW
355,FL,26.68305556,-80.09555556,PBI, PBI,ZMA, FLL
356,GA,33.87555556,-84.30194444,PDK, PDK,ZTL, ATL
357,OR,45.69472222,-118.84305556,PDT, PDT,ZSE,ZSE
358,OR,45.58861111,-122.59694444,PDX, PDX,ZSE,ZSE
359,AZ,36.92611111,-111.44833333,PGA, PGA,ZDV,ZDV
360,FL,26.91888889,-81.99083333,PGD, PGD,ZMA, FLL
361,NC,35.63555556,-77.38416667,PGV, PGV,ZDC, DCA
362,VA,37.13194444,-76.49305556,PHF, PHF,ZDC, DCA
363,PA,39.87194444,-75.24055556,PHL, PHL,ZDC, PHL
364,AZ,33.43416667,-112.01166667,PHX, PHX,ZAB,ZAB
365,IL,40.66416667,-89.69333333,PIA, PIA,ZAU, MDW
366,MS,31.46722222,-89.33694444,PIB, PIB,ZHU, IAH
367,FL,27.90861111,-82.68638889,PIE, PIE,ZMA, FLL
368,ID,42.90972222,-112.59583333,PIH, PIH,ZLC,ZLC
369,SD,44.38277778,-100.28583333,PIR, PIR,ZMP,ZMP
370,PA,40.49138889,-80.23277778,PIT, PIT,ZOB,ZOB
371,WV,39.345,-81.43944444,PKB, PKB,ZID,ZID
372,MI,45.57083333,-84.79666667,PLN, PLN,ZMP,ZMP
373,FL,30.47333333,-87.18666667,PNS, PNS,ZJX, TPA
374,ME,46.68888889,-68.04472222,PQI, PQI,ZBW,ZBW
375,AZ,34.65472222,-112.41916667,PRC, PRC,ZAB,ZAB
376,WA,46.26472222,-119.11916667,PSC, PSC,ZSE,ZSE
377,AK,56.80138889,-132.94611111,PSG, PSG,ZAN,ZAN
378,NH,43.07805556,-70.82333333,PSM, PSM,ZBW,ZBW
379,CA,33.82972222,-116.50666667,PSP, PSP,ZLA, SAN
380,AK,56.95916667,-158.63333333,PTH, PTH,ZAN,ZAN
381,MI,42.66555556,-83.42055556,PTK, PTK,ZOB,ZOB
382,CO,38.29,-104.49805556,PUB, PUB,ZDV,ZDV
383,WA,46.74388889,-117.10944444,PUW, PUW,ZSE,ZSE
384,MA,42.07222222,-70.22083333,PVC, PVC,ZBW,ZBW
385,RI,41.72222222,-71.42777778,PVD, PVD,ZBW,ZBW
386,UT,40.21916667,-111.72333333,PVU, PVU,ZLC,ZLC
387,ME,43.64555556,-70.30861111,PWM, PWM,ZBW,ZBW
388,GA,33.35777778,-84.5725,FFC, FFC,ZTL, ATL
389,SD,44.04527778,-103.05722222,RAP, RAP,ZDV,ZDV
390,CA,40.50888889,-122.29333333,RDD, RDD,ZOA,ZOA
391,OR,44.25416667,-121.15,RDM, RDM,ZSE,ZSE
392,NC,35.87777778,-78.7875,RDU, RDU,ZDC, IAD
393,IL,42.19527778,-89.09722222,RFD, RFD,ZAU, ORD
394,WI,45.63083333,-89.46666667,RHI, RHI,ZMP,ZMP
395,VA,37.50527778,-77.31972222,RIC, RIC,ZDC, DCA
396,CA,33.88083333,-117.25944444,RIV, RIV,ZLA, LAX
397,WY,43.06416667,-108.45972222,RIW, RIW,ZLC,ZLC
398,ME,44.06,-69.09916667,RKD, RKD,ZBW,ZBW
399,WY,41.59416667,-109.06527778,RKS, RKS,ZLC,ZLC
400,NY,43.23388889,-75.40694444,RME, RME,ZBW,ZBW
401,NV,39.49916667,-119.76805556,RNO, RNO,ZOA,ZOA
402,VA,37.32555556,-79.97555556,ROA, ROA,ZDC, IAD
403,NY,43.11916667,-77.67194444,ROC, ROC,ZOB,ZOB
404,NM,33.3,-104.52944444,ROW, ROW,ZAB,ZAB
405,MN,43.90833333,-92.5,RST, RST,ZMP,ZMP
406,FL,26.53611111,-81.75527778,RSW, RSW,ZMA, MIA
407,VT,43.52972222,-72.94972222,RUT, RUT,ZBW,ZBW
408,NM,35.61722222,-106.08944444,SAF, SAF,ZAB,ZAB
409,CA,32.73361111,-117.18972222,SAN, SAN,ZLA, SAN
410,TX,29.53388889,-98.46916667,SAT, SAT,ZHU, AUS
411,GA,32.1275,-81.20222222,SAV, SAV,ZJX, MCO
412,CA,34.42611111,-119.84138889,SBA, SBA,ZLA, LAX
413,IN,41.70833333,-86.31722222,SBN, SBN,ZAU, MDW
414,CA,35.23722222,-120.6425,SBP, SBP,ZLA, LAX
415,MD,38.34027778,-75.50944444,SBY, SBY,ZDC, BWI
416,AK,70.19472222,-148.46527778,SCC, SCC,ZAN,ZAN
417,PA,40.85,-77.8475,UNV, UNV,ZDC, BWI
418,CA,37.89416667,-121.23833333,SCK, SCK,ZOA,ZOA
419,KY,38.17416667,-85.73638889,SDF, SDF,ZID,ZID
420,AK,55.31361111,-160.52138889,SDP, SDP,ZAN,ZAN
421,WA,47.45,-122.31166667,SEA, SEA,ZSE,ZSE
422,FL,28.77694444,-81.235,SFB, SFB,ZJX, MCO
423,CA,37.61888889,-122.37555556,SFO, SFO,ZOA,ZOA
424,MO,37.24555556,-93.38861111,SGF, SGF,ZKC,ZKC
425,UT,37.03638889,-113.51027778,SGU, SGU,ZLA, LAS
426,VA,38.26388889,-78.89638889,SHD, SHD,ZDC, IAD
427,WY,44.76916667,-106.98027778,SHR, SHR,ZLC,ZLC
428,LA,32.44666667,-93.82555556,SHV, SHV,ZFW,ZFW
429,AK,57.04694444,-135.36111111,SIT, SIT,ZAN,ZAN
430,CA,37.36305556,-121.92861111,SJC, SJC,ZOA,ZOA
431,TX,31.35777778,-100.49638889,SJT, SJT,ZFW,ZFW
432,UT,40.78833333,-111.97777778,SLC, SLC,ZLC,ZLC
433,OR,44.90944444,-123.0025,SLE, SLE,ZSE,ZSE
434,NY,44.38527778,-74.20611111,SLK, SLK,ZBW,ZBW
435,KS,38.79055556,-97.65222222,SLN, SLN,ZKC,ZKC
436,CA,38.69555556,-121.59083333,SMF, SMF,ZOA,ZOA
437,CA,34.9,-120.45805556,SMX, SMX,ZLA, LAX
438,CA,33.67555556,-117.86833333,SNA, SNA,ZLA, LAX
439,AZ,34.26555556,-110.00555556,SOW, SOW,ZAB,ZAB
440,IL,39.84416667,-89.67805556,SPI, SPI,ZKC,ZKC
441,TX,33.98888889,-98.49194444,SPS, SPS,ZFW,ZFW
442,FL,27.39555556,-82.55444444,SRQ, SRQ,ZMA, FLL
443,MN,45.54666667,-94.06,STC, STC,ZMP,ZMP
444,MO,38.74861111,-90.37,STL, STL,ZKC,ZKC
445,CA,38.50972222,-122.81277778,STS, STS,ZOA,ZOA
446,ID,43.50388889,-114.29555556,SUN, SUN,ZLC,ZLC
447,IA,42.4025,-96.38444444,SUX, SUX,ZMP,ZMP
448,NM,32.63666667,-108.15638889,SVC, SVC,ZAB,ZAB
449,NY,41.50416667,-74.10472222,SWF, SWF,ZBW,ZBW
450,OK,36.16138889,-97.08583333,SWO, SWO,ZKC,ZKC
451,NY,43.11111111,-76.10638889,SYR, SYR,ZBW,ZBW
452,MO,37.74166667,-92.14083333,TBN, TBN,ZKC,ZKC
453,NJ,40.85,-74.06083333,TEB, TEB,ZNY, LGA
454,CO,37.95388889,-107.90888889,TEX, TEX,ZDV,ZDV
455,FL,30.39666667,-84.35083333,TLH, TLH,ZJX, TPA
456,OH,41.58694444,-83.80777778,TOL, TOL,ZOB,ZOB
457,FL,27.97555556,-82.53333333,TPA, TPA,ZJX, TPA
458,TN,36.47527778,-82.4075,TRI, TRI,ZTL, CLT
459,NJ,40.27666667,-74.81333333,TTN, TTN,ZDC, PHL
460,OK,36.19833333,-95.88805556,TUL, TUL,ZKC,ZKC
461,MS,34.26888889,-88.77,TUP, TUP,ZME,ZME
462,AZ,32.11888889,-110.94444444,TUS, TUS,ZAB,ZAB
463,MI,44.74166667,-85.58194444,TVC, TVC,ZMP,ZMP
464,MN,48.06555556,-96.185,TVF, TVF,ZMP,ZMP
465,ID,42.48194444,-114.48777778,TWF, TWF,ZLC,ZLC
466,AR,33.45361111,-93.99111111,TXK, TXK,ZFW,ZFW
467,TX,32.35388889,-95.40277778,TYR, TYR,ZFW,ZFW
468,TN,35.80944444,-83.99527778,TYS, TYS,ZTL, ATL
469,IL,39.94305556,-91.19444444,UIN, UIN,ZKC,ZKC
470,AK,63.88861111,-160.79916667,UNK, UNK,ZAN,ZAN
471,MS,34.685,-90.34777778,UTM, UTM,ZME,ZME
472,TX,28.8525,-96.91861111,VCT, VCT,ZHU, AUS
473,CA,34.5975,-117.38305556,VCV, VCV,ZLA, LAX
474,AK,61.13416667,-146.24472222,VDZ, VDZ,ZAN,ZAN
475,UT,40.43611111,-109.51138889,VEL, VEL,ZLC,ZLC
476,CA,36.31861111,-119.39277778,VIS, VIS,ZOA,ZOA
477,GA,30.78138889,-83.27611111,VLD, VLD,ZJX, TPA
478,CA,34.20972222,-118.49,VNY, VNY,ZLA, LAX
479,FL,30.48333333,-86.52527778,VPS, VPS,ZJX, TPA
480,FL,27.65555556,-80.41805556,VRB, VRB,ZMA, FLL
481,AK,56.48444444,-132.36972222,WRG, WRG,ZAN,ZAN
482,MT,44.68833333,-111.11777778,WYS, WYS,ZLC,ZLC
483,AR,36.28166667,-94.30777778,XNA, XNA,ZME,ZME
484,FL,30.18194444,-82.57694444,LCQ, LCQ,ZJX, MCO
485,AK,59.50333333,-139.66027778,YAK, YAK,ZAN,ZAN
486,MI,42.24,-83.53083333,YIP, YIP,ZOB,ZOB
487,WA,46.56805556,-120.54416667,YKM, YKM,ZSE,ZSE
488,OH,41.26166667,-80.68027778,YNG, YNG,ZOB,ZOB
489,AZ,32.65666667,-114.60583333,YUM, YUM,ZLA, SAN
490,AK,0.0,0.0,PAGA,PAGA,ZAN,ZAN
491,AK,0.0,0.0,PAKT,PAKT,ZAN,ZAN
492,AK,0.0,0.0,PAVD,PAVD,ZAN,ZAN
493,AK,0.0,0.0,PAIL,PAIL,ZAN,ZAN
494,AK,0.0,0.0,PACD,PACD,ZAN,ZAN
495,AK,0.0,0.0,PASN,PASN,ZAN,ZAN
