,0,1,2,3,4,5,6,7,8,9,10,11,12,13,14,15,16,17,18,19,20,21,22,23,24,25,26,27,28,29,30,31,32,33,34,35
0,202401,1,0.0,4.0,4.0,2.0,0.0,2.0,28.0,0.0,0.0,1.0,1.0,2.0,4.0,2.0,3.0,1.0,2.0,0.0,7.0,2.0,7.0,2.0,3.0,2.0,0.0,3.0,0.0,0.0,0.0,3.0,0.0,0.0,2.0,0.0
1,202401,2,2.0,7.0,3.0,1.0,2.0,1.0,24.0,2.0,19.0,1.0,2.0,4.0,2.0,1.0,0.0,1.0,2.0,2.0,4.0,9.0,1.0,2.0,5.0,2.0,3.0,2.0,1.0,1.0,1.0,0.0,4.0,7.0,6.0,0.0
2,202401,3,2.0,8.0,6.0,1.0,0.0,3.0,15.0,0.0,14.0,2.0,4.0,4.0,2.0,3.0,1.0,2.0,5.0,2.0,7.0,4.0,3.0,2.0,0.0,1.0,7.0,1.0,4.0,2.0,3.0,1.0,4.0,2.0,1.0,2.0
3,202401,4,1.0,41.0,28.0,3.0,0.0,2.0,7.0,2.0,17.0,4.0,6.0,4.0,4.0,3.0,2.0,8.0,3.0,0.0,8.0,8.0,2.0,2.0,3.0,3.0,3.0,2.0,0.0,0.0,0.0,0.0,17.0,5.0,1.0,1.0
4,202401,5,2.0,8.0,2.0,4.0,3.0,3.0,8.0,0.0,12.0,1.0,4.0,1.0,4.0,8.0,4.0,3.0,2.0,1.0,9.0,5.0,4.0,4.0,2.0,1.0,1.0,0.0,0.0,0.0,0.0,0.0,8.0,4.0,4.0,0.0
5,202401,6,64.0,18.0,19.0,13.0,9.0,15.0,77.0,22.0,20.0,13.0,23.0,22.0,7.0,62.0,25.0,30.0,7.0,8.0,22.0,50.0,7.0,6.0,11.0,11.0,29.0,25.0,31.0,23.0,17.0,19.0,34.0,10.0,18.0,5.0
6,202401,7,54.0,12.0,16.0,5.0,6.0,310.0,80.0,14.0,8.0,28.0,40.0,5.0,17.0,34.0,27.0,46.0,11.0,3.0,35.0,52.0,8.0,13.0,15.0,7.0,40.0,29.0,24.0,27.0,40.0,18.0,25.0,13.0,16.0,18.0
7,202401,8,41.0,254.0,33.0,13.0,21.0,33.0,82.0,5.0,17.0,8.0,234.0,10.0,15.0,48.0,23.0,80.0,37.0,3.0,38.0,57.0,8.0,38.0,9.0,36.0,30.0,8.0,30.0,24.0,19.0,6.0,17.0,37.0,28.0,14.0
8,202401,9,71.0,135.0,35.0,72.0,65.0,91.0,72.0,51.0,11.0,176.0,101.0,141.0,87.0,265.0,74.0,59.0,32.0,74.0,45.0,46.0,13.0,66.0,40.0,96.0,146.0,89.0,62.0,135.0,87.0,73.0,17.0,29.0,26.0,163.0
9,202401,10,66.0,15.0,16.0,26.0,10.0,98.0,83.0,9.0,17.0,31.0,40.0,15.0,15.0,62.0,54.0,55.0,21.0,10.0,41.0,69.0,7.0,19.0,27.0,18.0,27.0,42.0,35.0,24.0,22.0,35.0,6.0,24.0,23.0,86.0
10,202401,11,43.0,16.0,40.0,16.0,6.0,15.0,151.0,4.0,19.0,5.0,45.0,14.0,14.0,61.0,25.0,101.0,17.0,0.0,68.0,67.0,28.0,17.0,8.0,11.0,27.0,7.0,22.0,21.0,18.0,14.0,22.0,19.0,35.0,8.0
11,202401,12,82.0,121.0,81.0,275.0,46.0,77.0,116.0,21.0,34.0,62.0,79.0,71.0,100.0,1023.0,326.0,254.0,32.0,372.0,85.0,77.0,62.0,84.0,89.0,143.0,87.0,30.0,59.0,55.0,50.0,21.0,25.0,62.0,43.0,54.0
12,202401,13,66.0,53.0,53.0,195.0,19.0,32.0,197.0,21.0,25.0,30.0,50.0,28.0,12.0,282.0,259.0,195.0,26.0,71.0,50.0,95.0,77.0,11.0,12.0,50.0,56.0,20.0,27.0,34.0,50.0,23.0,26.0,47.0,35.0,17.0
13,202401,14,55.0,163.0,78.0,151.0,27.0,39.0,173.0,18.0,9.0,28.0,89.0,18.0,32.0,266.0,164.0,247.0,48.0,62.0,85.0,86.0,46.0,66.0,40.0,75.0,53.0,26.0,33.0,44.0,52.0,14.0,20.0,51.0,36.0,21.0
14,202401,15,81.0,748.0,176.0,187.0,83.0,113.0,220.0,62.0,27.0,294.0,652.0,128.0,212.0,399.0,197.0,482.0,201.0,173.0,137.0,124.0,74.0,487.0,94.0,205.0,160.0,85.0,85.0,85.0,86.0,39.0,52.0,92.0,60.0,130.0
15,202401,16,175.0,194.0,70.0,102.0,55.0,254.0,224.0,172.0,20.0,369.0,235.0,113.0,143.0,253.0,189.0,129.0,78.0,103.0,84.0,101.0,38.0,472.0,153.0,125.0,117.0,99.0,124.0,91.0,48.0,125.0,37.0,49.0,40.0,318.0
16,202401,17,53.0,49.0,26.0,50.0,28.0,82.0,325.0,35.0,13.0,62.0,67.0,35.0,63.0,66.0,149.0,156.0,22.0,84.0,65.0,80.0,37.0,267.0,50.0,33.0,46.0,19.0,51.0,37.0,32.0,36.0,17.0,30.0,28.0,62.0
17,202401,18,58.0,37.0,30.0,22.0,19.0,20.0,241.0,12.0,10.0,14.0,51.0,15.0,19.0,75.0,61.0,73.0,18.0,10.0,79.0,96.0,30.0,222.0,21.0,16.0,47.0,5.0,42.0,32.0,28.0,23.0,27.0,20.0,52.0,9.0
18,202401,19,132.0,45.0,37.0,25.0,24.0,82.0,162.0,51.0,11.0,261.0,44.0,62.0,46.0,75.0,85.0,47.0,10.0,24.0,58.0,56.0,10.0,154.0,93.0,52.0,89.0,18.0,60.0,58.0,40.0,24.0,24.0,29.0,35.0,194.0
19,202401,20,41.0,13.0,17.0,9.0,6.0,10.0,116.0,3.0,24.0,10.0,27.0,2.0,7.0,58.0,17.0,34.0,17.0,1.0,33.0,39.0,5.0,9.0,7.0,5.0,18.0,5.0,27.0,21.0,23.0,4.0,31.0,19.0,28.0,5.0
20,202401,21,45.0,30.0,22.0,8.0,9.0,12.0,145.0,8.0,23.0,5.0,35.0,5.0,11.0,68.0,14.0,38.0,13.0,7.0,33.0,48.0,6.0,7.0,12.0,9.0,15.0,2.0,30.0,12.0,21.0,9.0,10.0,15.0,26.0,1.0
21,202401,22,59.0,135.0,31.0,40.0,12.0,30.0,112.0,8.0,15.0,26.0,49.0,21.0,25.0,233.0,39.0,60.0,17.0,79.0,73.0,77.0,10.0,44.0,23.0,258.0,33.0,17.0,29.0,22.0,28.0,14.0,22.0,82.0,40.0,19.0
22,202401,23,65.0,84.0,35.0,22.0,11.0,17.0,71.0,6.0,20.0,9.0,57.0,11.0,18.0,190.0,61.0,47.0,26.0,56.0,33.0,53.0,12.0,29.0,65.0,40.0,31.0,9.0,27.0,27.0,13.0,4.0,13.0,12.0,22.0,10.0
23,202401,24,72.0,68.0,13.0,31.0,15.0,28.0,102.0,12.0,12.0,36.0,71.0,146.0,50.0,113.0,66.0,42.0,20.0,88.0,42.0,50.0,14.0,40.0,24.0,57.0,39.0,9.0,52.0,32.0,26.0,20.0,15.0,18.0,41.0,25.0
24,202401,25,62.0,38.0,21.0,58.0,18.0,44.0,122.0,10.0,18.0,45.0,63.0,57.0,51.0,209.0,69.0,59.0,23.0,164.0,52.0,53.0,10.0,46.0,45.0,65.0,44.0,17.0,52.0,23.0,31.0,14.0,20.0,25.0,36.0,12.0
25,202401,26,45.0,27.0,16.0,51.0,14.0,9.0,114.0,11.0,27.0,11.0,31.0,15.0,16.0,85.0,27.0,38.0,18.0,5.0,32.0,58.0,3.0,11.0,14.0,11.0,21.0,5.0,27.0,17.0,24.0,4.0,32.0,17.0,31.0,2.0
26,202401,27,34.0,11.0,16.0,9.0,9.0,21.0,40.0,8.0,13.0,3.0,35.0,4.0,8.0,70.0,16.0,39.0,9.0,18.0,17.0,38.0,3.0,1.0,10.0,2.0,17.0,6.0,32.0,22.0,23.0,3.0,29.0,16.0,20.0,0.0
27,202401,28,13.0,10.0,11.0,9.0,5.0,10.0,48.0,2.0,10.0,2.0,5.0,1.0,10.0,14.0,8.0,13.0,7.0,3.0,7.0,20.0,4.0,4.0,2.0,7.0,10.0,2.0,6.0,5.0,10.0,5.0,16.0,4.0,9.0,0.0
28,202401,29,6.0,7.0,5.0,0.0,3.0,6.0,55.0,0.0,29.0,2.0,3.0,2.0,4.0,6.0,9.0,6.0,3.0,1.0,11.0,11.0,13.0,6.0,2.0,8.0,13.0,0.0,1.0,2.0,8.0,4.0,19.0,6.0,6.0,2.0
29,202401,30,9.0,9.0,6.0,6.0,2.0,4.0,25.0,0.0,7.0,6.0,2.0,5.0,4.0,19.0,2.0,8.0,1.0,4.0,11.0,4.0,33.0,7.0,3.0,4.0,6.0,1.0,3.0,2.0,0.0,0.0,7.0,4.0,2.0,5.0
30,202401,31,13.0,4.0,4.0,1.0,1.0,2.0,20.0,0.0,8.0,3.0,3.0,3.0,3.0,7.0,5.0,10.0,2.0,4.0,19.0,13.0,8.0,4.0,2.0,4.0,4.0,3.0,4.0,5.0,2.0,0.0,6.0,3.0,3.0,2.0
31,202402,1,6.0,10.0,18.0,6.0,3.0,2.0,24.0,6.0,19.0,4.0,1.0,2.0,6.0,8.0,5.0,15.0,12.0,4.0,37.0,36.0,7.0,2.0,12.0,4.0,2.0,3.0,6.0,3.0,4.0,4.0,10.0,139.0,25.0,0.0
32,202402,2,0.0,8.0,10.0,16.0,0.0,0.0,12.0,1.0,24.0,2.0,3.0,4.0,2.0,4.0,2.0,61.0,5.0,0.0,9.0,6.0,2.0,4.0,1.0,5.0,7.0,2.0,1.0,0.0,0.0,1.0,3.0,11.0,12.0,0.0
33,202402,3,2.0,16.0,16.0,29.0,4.0,3.0,9.0,3.0,11.0,2.0,7.0,5.0,8.0,13.0,4.0,317.0,0.0,2.0,19.0,14.0,21.0,6.0,0.0,20.0,6.0,0.0,2.0,2.0,0.0,1.0,4.0,7.0,1.0,0.0
34,202402,4,1.0,8.0,36.0,34.0,3.0,10.0,43.0,2.0,20.0,4.0,9.0,7.0,5.0,15.0,7.0,60.0,5.0,4.0,183.0,353.0,47.0,10.0,4.0,6.0,5.0,3.0,2.0,8.0,5.0,4.0,5.0,53.0,48.0,0.0
35,202402,5,2.0,9.0,10.0,22.0,0.0,4.0,14.0,0.0,11.0,6.0,5.0,6.0,4.0,10.0,3.0,17.0,3.0,3.0,66.0,49.0,10.0,1.0,6.0,3.0,4.0,0.0,4.0,2.0,3.0,3.0,5.0,7.0,14.0,6.0
36,202402,6,1.0,9.0,6.0,3.0,0.0,2.0,6.0,2.0,4.0,4.0,1.0,9.0,4.0,5.0,4.0,4.0,0.0,3.0,9.0,6.0,7.0,3.0,11.0,2.0,3.0,0.0,2.0,14.0,1.0,2.0,1.0,5.0,0.0,1.0
37,202402,7,3.0,3.0,9.0,5.0,1.0,8.0,7.0,3.0,5.0,2.0,0.0,5.0,6.0,0.0,3.0,8.0,3.0,1.0,7.0,8.0,5.0,1.0,5.0,0.0,4.0,1.0,5.0,1.0,2.0,0.0,5.0,1.0,0.0,0.0
38,202402,8,0.0,2.0,7.0,13.0,2.0,5.0,1.0,1.0,4.0,6.0,2.0,2.0,4.0,6.0,1.0,8.0,1.0,4.0,6.0,7.0,5.0,2.0,6.0,5.0,3.0,1.0,3.0,0.0,1.0,2.0,6.0,5.0,6.0,3.0
39,202402,9,2.0,6.0,5.0,1.0,1.0,0.0,5.0,1.0,4.0,2.0,1.0,2.0,4.0,4.0,7.0,5.0,2.0,0.0,3.0,3.0,2.0,2.0,4.0,4.0,3.0,5.0,0.0,0.0,1.0,2.0,14.0,4.0,4.0,1.0
40,202402,10,3.0,7.0,7.0,0.0,1.0,0.0,0.0,0.0,2.0,3.0,3.0,2.0,3.0,3.0,0.0,19.0,0.0,0.0,4.0,0.0,1.0,1.0,0.0,2.0,1.0,2.0,3.0,2.0,0.0,1.0,3.0,3.0,0.0,0.0
41,202402,11,1.0,18.0,9.0,3.0,3.0,2.0,0.0,1.0,2.0,4.0,10.0,6.0,8.0,6.0,3.0,6.0,0.0,0.0,2.0,3.0,1.0,3.0,5.0,2.0,3.0,3.0,0.0,4.0,1.0,2.0,3.0,3.0,1.0,3.0
42,202402,12,13.0,16.0,11.0,5.0,6.0,11.0,5.0,3.0,3.0,24.0,18.0,17.0,9.0,22.0,18.0,11.0,6.0,0.0,13.0,15.0,0.0,4.0,9.0,7.0,16.0,4.0,15.0,16.0,14.0,1.0,5.0,8.0,1.0,4.0
43,202402,13,254.0,18.0,2.0,18.0,13.0,228.0,1.0,30.0,3.0,88.0,10.0,45.0,29.0,36.0,98.0,7.0,6.0,14.0,7.0,5.0,6.0,36.0,85.0,22.0,65.0,13.0,42.0,20.0,44.0,164.0,34.0,2.0,3.0,367.0
44,202402,14,1.0,2.0,4.0,3.0,0.0,0.0,0.0,2.0,10.0,4.0,4.0,3.0,2.0,3.0,1.0,3.0,0.0,3.0,1.0,4.0,4.0,1.0,1.0,1.0,4.0,0.0,2.0,0.0,0.0,0.0,2.0,3.0,4.0,0.0
45,202402,15,5.0,7.0,4.0,3.0,3.0,3.0,16.0,0.0,0.0,2.0,2.0,1.0,4.0,4.0,2.0,13.0,0.0,0.0,4.0,9.0,8.0,2.0,5.0,4.0,4.0,0.0,3.0,1.0,0.0,0.0,4.0,4.0,1.0,1.0
46,202402,16,8.0,8.0,6.0,2.0,5.0,2.0,4.0,5.0,5.0,2.0,4.0,6.0,2.0,10.0,5.0,157.0,1.0,1.0,11.0,6.0,9.0,3.0,7.0,2.0,1.0,3.0,4.0,4.0,6.0,0.0,12.0,3.0,4.0,0.0
47,202402,17,1.0,12.0,10.0,9.0,10.0,6.0,7.0,0.0,5.0,6.0,5.0,0.0,6.0,5.0,12.0,31.0,1.0,1.0,14.0,8.0,16.0,2.0,5.0,11.0,19.0,3.0,5.0,8.0,7.0,9.0,7.0,6.0,6.0,3.0
48,202402,18,0.0,8.0,7.0,2.0,5.0,7.0,5.0,2.0,3.0,5.0,9.0,1.0,3.0,5.0,2.0,8.0,0.0,4.0,8.0,5.0,2.0,4.0,6.0,2.0,8.0,1.0,1.0,11.0,22.0,7.0,5.0,3.0,4.0,2.0
49,202402,19,3.0,4.0,8.0,5.0,2.0,5.0,9.0,1.0,5.0,4.0,3.0,6.0,3.0,6.0,3.0,15.0,1.0,1.0,55.0,34.0,2.0,1.0,3.0,3.0,4.0,4.0,5.0,2.0,5.0,2.0,1.0,6.0,5.0,0.0
50,202402,20,1.0,6.0,5.0,2.0,2.0,2.0,1.0,1.0,5.0,5.0,1.0,3.0,2.0,6.0,3.0,5.0,2.0,1.0,9.0,7.0,3.0,1.0,5.0,0.0,2.0,0.0,2.0,1.0,1.0,0.0,4.0,2.0,3.0,1.0
51,202402,21,2.0,8.0,4.0,5.0,2.0,3.0,2.0,3.0,20.0,4.0,7.0,5.0,3.0,6.0,1.0,7.0,2.0,2.0,2.0,7.0,3.0,3.0,2.0,2.0,3.0,1.0,1.0,1.0,4.0,2.0,7.0,1.0,0.0,2.0
52,202402,22,1.0,6.0,4.0,3.0,4.0,7.0,0.0,2.0,3.0,2.0,1.0,1.0,3.0,1.0,0.0,3.0,3.0,0.0,5.0,4.0,3.0,0.0,6.0,1.0,2.0,0.0,3.0,1.0,6.0,3.0,1.0,1.0,3.0,3.0
53,202402,23,0.0,4.0,2.0,2.0,3.0,2.0,1.0,0.0,3.0,2.0,3.0,3.0,4.0,5.0,1.0,2.0,1.0,1.0,4.0,3.0,1.0,0.0,1.0,1.0,5.0,0.0,1.0,2.0,2.0,3.0,1.0,1.0,4.0,2.0
54,202402,24,1.0,4.0,3.0,1.0,0.0,2.0,1.0,2.0,4.0,6.0,5.0,2.0,2.0,1.0,9.0,4.0,1.0,0.0,2.0,1.0,0.0,1.0,1.0,1.0,1.0,0.0,3.0,5.0,8.0,2.0,6.0,2.0,2.0,1.0
55,202402,25,0.0,3.0,4.0,7.0,2.0,10.0,3.0,1.0,1.0,2.0,4.0,3.0,6.0,2.0,5.0,2.0,1.0,0.0,2.0,4.0,0.0,5.0,5.0,1.0,4.0,1.0,2.0,0.0,6.0,5.0,2.0,5.0,0.0,2.0
56,202402,26,1.0,9.0,10.0,2.0,1.0,1.0,6.0,0.0,5.0,5.0,6.0,6.0,5.0,5.0,1.0,5.0,1.0,0.0,6.0,9.0,16.0,2.0,2.0,2.0,4.0,2.0,1.0,2.0,4.0,2.0,2.0,0.0,5.0,4.0
57,202402,27,4.0,13.0,9.0,28.0,5.0,18.0,2.0,2.0,3.0,10.0,8.0,7.0,6.0,38.0,15.0,83.0,0.0,7.0,14.0,10.0,5.0,5.0,7.0,12.0,6.0,5.0,7.0,1.0,3.0,0.0,3.0,3.0,0.0,77.0
58,202402,28,11.0,11.0,4.0,10.0,4.0,11.0,2.0,0.0,15.0,12.0,3.0,2.0,7.0,6.0,17.0,2.0,2.0,2.0,8.0,1.0,5.0,5.0,5.0,4.0,5.0,3.0,5.0,3.0,2.0,0.0,4.0,5.0,2.0,6.0
59,202402,29,6.0,1.0,6.0,7.0,1.0,9.0,11.0,0.0,2.0,4.0,3.0,5.0,3.0,1.0,3.0,2.0,4.0,0.0,27.0,50.0,7.0,1.0,2.0,2.0,2.0,0.0,4.0,4.0,3.0,1.0,1.0,1.0,5.0,2.0
60,202403,1,5.0,3.0,8.0,5.0,1.0,6.0,19.0,2.0,9.0,3.0,8.0,2.0,1.0,5.0,0.0,13.0,0.0,1.0,20.0,77.0,8.0,2.0,2.0,4.0,2.0,1.0,4.0,2.0,1.0,1.0,3.0,6.0,12.0,2.0
61,202403,2,1.0,14.0,16.0,13.0,1.0,2.0,12.0,1.0,2.0,2.0,9.0,8.0,5.0,9.0,3.0,105.0,5.0,3.0,55.0,65.0,50.0,5.0,4.0,6.0,9.0,1.0,3.0,0.0,1.0,2.0,7.0,70.0,25.0,1.0
62,202403,3,2.0,17.0,6.0,13.0,13.0,12.0,15.0,7.0,8.0,8.0,12.0,5.0,26.0,20.0,11.0,69.0,5.0,4.0,20.0,39.0,27.0,12.0,10.0,6.0,35.0,6.0,4.0,24.0,42.0,3.0,4.0,20.0,14.0,0.0
63,202403,4,3.0,1.0,5.0,1.0,5.0,4.0,8.0,3.0,13.0,3.0,5.0,3.0,8.0,9.0,0.0,14.0,3.0,1.0,6.0,13.0,14.0,5.0,2.0,0.0,11.0,6.0,3.0,12.0,0.0,0.0,8.0,9.0,3.0,5.0
64,202403,5,3.0,6.0,6.0,4.0,2.0,2.0,4.0,2.0,8.0,2.0,4.0,4.0,5.0,6.0,4.0,4.0,3.0,3.0,7.0,2.0,19.0,5.0,4.0,2.0,5.0,0.0,5.0,0.0,0.0,3.0,1.0,5.0,0.0,6.0
65,202403,6,5.0,7.0,6.0,4.0,0.0,5.0,3.0,2.0,7.0,3.0,2.0,6.0,6.0,7.0,4.0,2.0,2.0,3.0,8.0,2.0,3.0,9.0,1.0,4.0,5.0,6.0,5.0,2.0,2.0,3.0,1.0,2.0,1.0,0.0
66,202403,7,5.0,431.0,26.0,6.0,13.0,7.0,7.0,3.0,3.0,9.0,29.0,13.0,15.0,12.0,2.0,17.0,25.0,7.0,22.0,15.0,8.0,27.0,10.0,28.0,8.0,6.0,4.0,11.0,11.0,1.0,6.0,11.0,10.0,7.0
67,202403,8,2.0,67.0,9.0,4.0,8.0,9.0,9.0,3.0,5.0,11.0,18.0,2.0,7.0,15.0,10.0,12.0,10.0,2.0,16.0,20.0,2.0,18.0,19.0,9.0,18.0,4.0,7.0,11.0,13.0,6.0,1.0,6.0,6.0,2.0
68,202403,9,29.0,83.0,19.0,15.0,112.0,43.0,5.0,45.0,4.0,22.0,60.0,39.0,46.0,52.0,67.0,31.0,17.0,32.0,14.0,10.0,4.0,37.0,61.0,41.0,203.0,24.0,7.0,177.0,157.0,16.0,8.0,9.0,4.0,7.0
69,202403,10,8.0,32.0,7.0,10.0,37.0,28.0,6.0,11.0,6.0,26.0,30.0,21.0,11.0,17.0,28.0,15.0,11.0,11.0,13.0,8.0,3.0,23.0,21.0,24.0,94.0,20.0,12.0,40.0,27.0,24.0,2.0,5.0,2.0,12.0
70,202403,11,23.0,6.0,4.0,5.0,1.0,10.0,8.0,4.0,7.0,11.0,8.0,1.0,5.0,10.0,8.0,9.0,0.0,13.0,5.0,2.0,4.0,3.0,8.0,3.0,12.0,3.0,6.0,14.0,6.0,3.0,2.0,1.0,2.0,1.0
71,202403,12,1.0,11.0,1.0,5.0,1.0,6.0,2.0,2.0,11.0,5.0,2.0,3.0,5.0,4.0,4.0,6.0,4.0,13.0,2.0,11.0,8.0,1.0,7.0,0.0,2.0,0.0,1.0,6.0,1.0,5.0,5.0,3.0,3.0,0.0
72,202403,13,1.0,6.0,8.0,3.0,3.0,9.0,6.0,0.0,6.0,3.0,6.0,4.0,8.0,10.0,1.0,44.0,0.0,3.0,20.0,10.0,2.0,5.0,2.0,3.0,5.0,0.0,2.0,3.0,9.0,11.0,2.0,6.0,1.0,5.0
73,202403,14,9.0,154.0,65.0,58.0,19.0,8.0,26.0,6.0,3.0,7.0,35.0,13.0,17.0,49.0,18.0,682.0,26.0,13.0,66.0,57.0,79.0,40.0,27.0,55.0,30.0,9.0,7.0,5.0,14.0,4.0,3.0,48.0,17.0,8.0
74,202403,15,3.0,63.0,27.0,7.0,3.0,10.0,11.0,2.0,3.0,6.0,127.0,5.0,25.0,10.0,10.0,48.0,16.0,3.0,27.0,30.0,9.0,20.0,17.0,13.0,17.0,3.0,4.0,10.0,9.0,2.0,2.0,73.0,16.0,3.0
75,202403,16,0.0,117.0,16.0,6.0,8.0,6.0,11.0,5.0,4.0,9.0,19.0,5.0,8.0,10.0,0.0,33.0,10.0,3.0,12.0,3.0,2.0,20.0,18.0,8.0,5.0,7.0,4.0,7.0,16.0,6.0,6.0,1.0,3.0,5.0
76,202403,17,3.0,14.0,13.0,3.0,9.0,6.0,9.0,5.0,2.0,3.0,15.0,7.0,4.0,4.0,5.0,7.0,6.0,5.0,7.0,12.0,3.0,5.0,5.0,3.0,9.0,0.0,4.0,3.0,8.0,4.0,1.0,8.0,6.0,1.0
77,202403,18,3.0,6.0,4.0,4.0,1.0,5.0,7.0,0.0,0.0,6.0,8.0,3.0,3.0,9.0,4.0,3.0,0.0,5.0,11.0,13.0,0.0,2.0,3.0,1.0,3.0,1.0,3.0,4.0,5.0,0.0,6.0,2.0,2.0,1.0
78,202403,19,1.0,8.0,4.0,3.0,3.0,9.0,3.0,2.0,4.0,2.0,7.0,4.0,1.0,8.0,3.0,3.0,1.0,0.0,1.0,2.0,7.0,6.0,7.0,1.0,4.0,1.0,4.0,1.0,3.0,0.0,4.0,3.0,2.0,0.0
79,202403,20,4.0,11.0,6.0,5.0,6.0,8.0,3.0,3.0,2.0,5.0,5.0,4.0,3.0,3.0,10.0,0.0,1.0,1.0,7.0,3.0,5.0,4.0,3.0,2.0,3.0,1.0,1.0,3.0,2.0,1.0,1.0,3.0,4.0,1.0
80,202403,21,4.0,71.0,10.0,3.0,6.0,9.0,2.0,0.0,1.0,2.0,29.0,6.0,7.0,3.0,4.0,7.0,9.0,3.0,5.0,5.0,1.0,9.0,4.0,2.0,8.0,1.0,0.0,6.0,2.0,1.0,4.0,7.0,5.0,3.0
81,202403,22,9.0,24.0,4.0,7.0,5.0,6.0,5.0,3.0,3.0,8.0,9.0,16.0,17.0,15.0,8.0,0.0,8.0,7.0,7.0,6.0,2.0,8.0,4.0,3.0,6.0,2.0,2.0,75.0,19.0,4.0,4.0,3.0,5.0,5.0
82,202403,23,21.0,9.0,6.0,1.0,16.0,79.0,2.0,21.0,1.0,21.0,11.0,28.0,10.0,23.0,16.0,12.0,4.0,3.0,12.0,10.0,3.0,3.0,12.0,1.0,47.0,6.0,24.0,180.0,33.0,29.0,1.0,3.0,4.0,30.0
83,202403,24,14.0,28.0,22.0,182.0,12.0,43.0,6.0,5.0,2.0,23.0,18.0,23.0,8.0,24.0,15.0,83.0,12.0,4.0,9.0,14.0,16.0,9.0,11.0,12.0,17.0,4.0,5.0,46.0,15.0,16.0,2.0,9.0,6.0,7.0
84,202403,25,6.0,15.0,5.0,27.0,1.0,16.0,6.0,5.0,3.0,3.0,8.0,9.0,9.0,22.0,9.0,41.0,2.0,0.0,8.0,8.0,12.0,12.0,6.0,8.0,10.0,4.0,4.0,10.0,5.0,5.0,3.0,6.0,0.0,0.0
85,202403,26,1.0,10.0,6.0,16.0,1.0,6.0,7.0,4.0,3.0,3.0,3.0,3.0,4.0,13.0,3.0,13.0,0.0,6.0,7.0,2.0,1.0,10.0,21.0,4.0,7.0,1.0,5.0,4.0,5.0,1.0,5.0,3.0,0.0,6.0
86,202403,27,8.0,30.0,10.0,9.0,34.0,11.0,6.0,17.0,5.0,9.0,19.0,17.0,10.0,14.0,18.0,13.0,10.0,10.0,11.0,17.0,1.0,10.0,14.0,8.0,45.0,10.0,2.0,51.0,33.0,1.0,2.0,7.0,2.0,2.0
87,202403,28,5.0,12.0,8.0,5.0,3.0,6.0,7.0,1.0,8.0,8.0,9.0,5.0,6.0,13.0,9.0,18.0,4.0,3.0,13.0,9.0,5.0,7.0,9.0,4.0,16.0,0.0,1.0,11.0,6.0,0.0,1.0,1.0,1.0,2.0
88,202403,29,9.0,6.0,4.0,4.0,3.0,5.0,5.0,0.0,1.0,3.0,7.0,5.0,3.0,6.0,7.0,23.0,1.0,6.0,9.0,17.0,2.0,2.0,9.0,1.0,8.0,0.0,3.0,4.0,3.0,2.0,7.0,2.0,4.0,1.0
89,202403,30,5.0,9.0,8.0,5.0,1.0,1.0,4.0,0.0,6.0,2.0,3.0,6.0,3.0,4.0,2.0,17.0,1.0,8.0,5.0,16.0,3.0,0.0,4.0,1.0,7.0,1.0,2.0,2.0,1.0,0.0,2.0,3.0,5.0,0.0
90,202403,31,3.0,12.0,10.0,2.0,1.0,6.0,9.0,2.0,6.0,1.0,7.0,6.0,2.0,9.0,4.0,45.0,0.0,1.0,4.0,3.0,4.0,3.0,1.0,4.0,5.0,4.0,0.0,2.0,2.0,1.0,3.0,7.0,5.0,0.0
91,202404,1,0.0,49.0,10.0,4.0,4.0,3.0,12.0,4.0,9.0,1.0,9.0,9.0,6.0,37.0,11.0,13.0,1.0,1.0,14.0,10.0,2.0,9.0,3.0,16.0,7.0,1.0,4.0,3.0,1.0,1.0,3.0,4.0,4.0,0.0
92,202404,2,11.0,12.0,4.0,20.0,0.0,7.0,6.0,4.0,1.0,8.0,10.0,14.0,14.0,48.0,15.0,4.0,0.0,9.0,4.0,1.0,3.0,3.0,17.0,13.0,8.0,4.0,9.0,3.0,3.0,1.0,12.0,5.0,2.0,1.0
93,202404,3,182.0,55.0,14.0,34.0,94.0,147.0,8.0,51.0,7.0,104.0,28.0,95.0,57.0,77.0,93.0,7.0,21.0,17.0,9.0,9.0,4.0,38.0,50.0,26.0,181.0,36.0,71.0,133.0,128.0,108.0,3.0,12.0,7.0,263.0
94,202404,4,48.0,12.0,14.0,14.0,21.0,185.0,7.0,23.0,5.0,51.0,8.0,19.0,12.0,16.0,59.0,14.0,4.0,8.0,20.0,28.0,5.0,13.0,25.0,8.0,35.0,14.0,18.0,27.0,19.0,40.0,0.0,4.0,5.0,65.0
95,202404,5,24.0,3.0,8.0,1.0,4.0,30.0,6.0,2.0,3.0,6.0,7.0,5.0,4.0,7.0,13.0,53.0,1.0,0.0,11.0,18.0,5.0,2.0,3.0,3.0,5.0,0.0,2.0,2.0,1.0,10.0,1.0,5.0,2.0,7.0
96,202404,6,4.0,1.0,4.0,1.0,5.0,1.0,8.0,0.0,5.0,1.0,7.0,1.0,1.0,5.0,2.0,67.0,0.0,0.0,5.0,8.0,3.0,1.0,1.0,1.0,5.0,0.0,1.0,2.0,2.0,0.0,9.0,1.0,4.0,0.0
97,202404,7,1.0,6.0,1.0,1.0,1.0,2.0,3.0,0.0,10.0,2.0,1.0,2.0,3.0,4.0,1.0,13.0,0.0,1.0,2.0,1.0,4.0,2.0,3.0,1.0,0.0,2.0,0.0,0.0,1.0,0.0,3.0,0.0,0.0,0.0
98,202404,8,9.0,43.0,7.0,1.0,4.0,0.0,4.0,0.0,7.0,3.0,4.0,1.0,2.0,13.0,2.0,8.0,3.0,7.0,17.0,4.0,1.0,5.0,8.0,8.0,11.0,4.0,5.0,7.0,3.0,3.0,1.0,6.0,5.0,1.0
99,202404,9,1.0,104.0,8.0,6.0,5.0,9.0,8.0,0.0,2.0,9.0,16.0,6.0,4.0,4.0,8.0,7.0,16.0,1.0,11.0,9.0,4.0,9.0,9.0,9.0,11.0,2.0,6.0,0.0,5.0,2.0,5.0,7.0,4.0,5.0
100,202404,10,4.0,54.0,6.0,1.0,32.0,5.0,6.0,0.0,16.0,2.0,58.0,11.0,13.0,2.0,0.0,7.0,7.0,0.0,7.0,11.0,0.0,7.0,2.0,5.0,12.0,0.0,3.0,6.0,0.0,2.0,4.0,0.0,4.0,2.0
101,202404,11,23.0,23.0,8.0,0.0,48.0,46.0,5.0,15.0,11.0,22.0,10.0,44.0,11.0,31.0,29.0,10.0,4.0,7.0,19.0,13.0,3.0,14.0,23.0,10.0,96.0,12.0,12.0,52.0,72.0,28.0,9.0,7.0,6.0,21.0
102,202404,12,2.0,3.0,9.0,7.0,0.0,5.0,10.0,2.0,2.0,9.0,7.0,4.0,6.0,7.0,1.0,23.0,4.0,1.0,31.0,49.0,4.0,1.0,2.0,2.0,6.0,2.0,2.0,1.0,5.0,9.0,22.0,3.0,6.0,4.0
103,202404,13,2.0,3.0,2.0,1.0,0.0,0.0,2.0,0.0,2.0,3.0,2.0,4.0,1.0,3.0,2.0,2.0,0.0,2.0,5.0,12.0,4.0,1.0,2.0,1.0,3.0,0.0,0.0,0.0,5.0,0.0,2.0,0.0,2.0,1.0
104,202404,14,0.0,6.0,2.0,0.0,2.0,0.0,1.0,4.0,5.0,1.0,3.0,3.0,5.0,1.0,7.0,0.0,1.0,1.0,2.0,3.0,2.0,3.0,3.0,0.0,2.0,3.0,1.0,2.0,2.0,1.0,6.0,2.0,1.0,1.0
105,202404,15,5.0,2.0,6.0,1.0,1.0,4.0,4.0,3.0,6.0,7.0,0.0,2.0,2.0,3.0,3.0,5.0,2.0,3.0,3.0,5.0,6.0,6.0,3.0,6.0,10.0,3.0,7.0,2.0,0.0,0.0,8.0,3.0,2.0,4.0
106,202404,16,5.0,10.0,6.0,5.0,0.0,5.0,5.0,2.0,7.0,3.0,13.0,0.0,1.0,23.0,3.0,4.0,1.0,6.0,5.0,14.0,1.0,3.0,10.0,4.0,7.0,0.0,2.0,3.0,2.0,1.0,0.0,2.0,8.0,2.0
107,202404,17,3.0,13.0,4.0,9.0,3.0,1.0,1.0,1.0,5.0,1.0,3.0,0.0,6.0,9.0,3.0,6.0,0.0,0.0,14.0,17.0,1.0,6.0,12.0,1.0,3.0,0.0,5.0,2.0,4.0,1.0,5.0,2.0,4.0,1.0
108,202404,18,0.0,7.0,9.0,6.0,2.0,3.0,9.0,1.0,1.0,3.0,8.0,1.0,4.0,7.0,2.0,14.0,4.0,0.0,11.0,24.0,3.0,3.0,9.0,12.0,2.0,0.0,7.0,2.0,0.0,2.0,15.0,4.0,2.0,0.0
109,202404,19,2.0,3.0,11.0,2.0,2.0,3.0,2.0,2.0,2.0,0.0,7.0,2.0,3.0,2.0,3.0,11.0,1.0,0.0,11.0,20.0,3.0,1.0,4.0,3.0,4.0,2.0,7.0,1.0,2.0,1.0,10.0,6.0,7.0,0.0
110,202404,20,11.0,815.0,50.0,17.0,28.0,9.0,7.0,3.0,5.0,8.0,98.0,22.0,30.0,16.0,13.0,60.0,47.0,12.0,19.0,13.0,7.0,50.0,29.0,50.0,32.0,6.0,6.0,16.0,7.0,1.0,7.0,11.0,18.0,2.0
111,202404,21,14.0,30.0,8.0,9.0,13.0,7.0,14.0,2.0,1.0,10.0,21.0,12.0,14.0,7.0,15.0,23.0,10.0,2.0,29.0,27.0,10.0,17.0,7.0,10.0,16.0,5.0,5.0,9.0,4.0,0.0,7.0,9.0,8.0,6.0
112,202404,22,3.0,4.0,3.0,0.0,1.0,2.0,2.0,5.0,3.0,3.0,1.0,5.0,1.0,4.0,4.0,8.0,2.0,0.0,11.0,3.0,5.0,9.0,2.0,2.0,3.0,1.0,4.0,7.0,5.0,3.0,1.0,1.0,0.0,1.0
113,202404,23,7.0,9.0,4.0,2.0,0.0,7.0,4.0,0.0,0.0,1.0,1.0,2.0,5.0,3.0,4.0,6.0,6.0,0.0,13.0,11.0,3.0,4.0,2.0,1.0,6.0,4.0,2.0,4.0,1.0,1.0,3.0,1.0,9.0,0.0
114,202404,24,4.0,8.0,11.0,3.0,1.0,5.0,1.0,4.0,2.0,1.0,9.0,5.0,6.0,7.0,4.0,2.0,3.0,2.0,12.0,9.0,1.0,7.0,3.0,4.0,6.0,2.0,4.0,2.0,3.0,0.0,7.0,6.0,1.0,2.0
115,202404,25,3.0,15.0,5.0,2.0,0.0,2.0,4.0,2.0,5.0,5.0,11.0,3.0,3.0,8.0,12.0,8.0,3.0,2.0,13.0,13.0,0.0,4.0,3.0,6.0,4.0,7.0,2.0,3.0,1.0,2.0,11.0,4.0,11.0,2.0
116,202404,26,0.0,147.0,13.0,8.0,4.0,5.0,3.0,4.0,5.0,3.0,21.0,5.0,11.0,11.0,5.0,8.0,17.0,0.0,18.0,11.0,2.0,20.0,9.0,23.0,6.0,2.0,1.0,0.0,2.0,0.0,8.0,7.0,7.0,2.0
117,202404,27,0.0,21.0,6.0,5.0,0.0,5.0,3.0,2.0,2.0,1.0,5.0,4.0,6.0,8.0,3.0,57.0,2.0,2.0,9.0,5.0,2.0,0.0,1.0,4.0,1.0,1.0,1.0,4.0,4.0,0.0,5.0,8.0,4.0,0.0
118,202404,28,6.0,70.0,3.0,5.0,4.0,7.0,4.0,5.0,1.0,4.0,27.0,4.0,7.0,9.0,7.0,14.0,3.0,3.0,16.0,9.0,4.0,12.0,4.0,14.0,9.0,9.0,2.0,11.0,4.0,1.0,2.0,6.0,5.0,3.0
119,202404,29,1.0,33.0,8.0,8.0,3.0,7.0,2.0,4.0,0.0,3.0,7.0,4.0,0.0,7.0,2.0,4.0,5.0,1.0,10.0,16.0,1.0,6.0,5.0,7.0,1.0,0.0,2.0,3.0,2.0,2.0,6.0,3.0,3.0,2.0
120,202404,30,11.0,14.0,7.0,3.0,1.0,10.0,4.0,4.0,1.0,3.0,4.0,4.0,2.0,3.0,4.0,4.0,2.0,0.0,5.0,8.0,2.0,6.0,7.0,2.0,1.0,0.0,3.0,0.0,3.0,4.0,1.0,4.0,1.0,3.0
121,202405,1,1.0,9.0,4.0,1.0,4.0,5.0,7.0,2.0,1.0,3.0,3.0,2.0,2.0,2.0,6.0,2.0,5.0,0.0,7.0,7.0,1.0,2.0,11.0,3.0,1.0,0.0,5.0,2.0,1.0,1.0,2.0,2.0,6.0,2.0
122,202405,2,8.0,77.0,30.0,10.0,16.0,6.0,14.0,4.0,0.0,6.0,387.0,8.0,15.0,71.0,17.0,17.0,40.0,9.0,13.0,15.0,7.0,39.0,23.0,30.0,11.0,6.0,5.0,7.0,11.0,1.0,7.0,11.0,8.0,9.0
123,202405,3,6.0,45.0,21.0,10.0,10.0,8.0,7.0,1.0,3.0,8.0,253.0,7.0,16.0,16.0,5.0,17.0,28.0,0.0,9.0,9.0,5.0,33.0,21.0,17.0,13.0,3.0,17.0,2.0,4.0,1.0,8.0,4.0,6.0,5.0
124,202405,4,0.0,34.0,13.0,7.0,0.0,11.0,4.0,3.0,1.0,7.0,64.0,28.0,10.0,12.0,0.0,8.0,17.0,2.0,5.0,6.0,7.0,10.0,5.0,7.0,6.0,0.0,9.0,3.0,5.0,4.0,4.0,5.0,1.0,1.0
125,202405,5,4.0,46.0,17.0,7.0,10.0,4.0,5.0,4.0,1.0,6.0,265.0,8.0,17.0,10.0,6.0,25.0,22.0,2.0,6.0,5.0,2.0,31.0,11.0,20.0,12.0,2.0,2.0,4.0,9.0,3.0,8.0,5.0,5.0,1.0
126,202405,6,7.0,21.0,3.0,7.0,6.0,5.0,23.0,3.0,3.0,5.0,20.0,5.0,7.0,8.0,7.0,77.0,5.0,5.0,16.0,11.0,7.0,8.0,6.0,9.0,4.0,6.0,4.0,1.0,0.0,3.0,11.0,5.0,5.0,2.0
127,202405,7,14.0,17.0,15.0,40.0,3.0,11.0,7.0,5.0,0.0,2.0,6.0,9.0,8.0,265.0,33.0,63.0,4.0,23.0,12.0,12.0,7.0,21.0,25.0,21.0,7.0,2.0,6.0,6.0,2.0,2.0,2.0,8.0,4.0,7.0
128,202405,8,4.0,12.0,8.0,9.0,4.0,10.0,1.0,5.0,2.0,14.0,4.0,82.0,4.0,19.0,7.0,10.0,6.0,2.0,16.0,12.0,4.0,15.0,3.0,6.0,10.0,2.0,7.0,5.0,6.0,1.0,5.0,3.0,3.0,5.0
129,202405,9,9.0,85.0,4.0,2.0,23.0,11.0,6.0,7.0,4.0,4.0,15.0,33.0,183.0,17.0,8.0,10.0,8.0,8.0,14.0,15.0,0.0,23.0,14.0,6.0,28.0,4.0,19.0,10.0,14.0,0.0,13.0,9.0,9.0,5.0
130,202405,10,8.0,27.0,12.0,9.0,23.0,17.0,7.0,6.0,3.0,13.0,22.0,18.0,20.0,15.0,18.0,12.0,8.0,4.0,9.0,19.0,6.0,8.0,26.0,7.0,40.0,7.0,7.0,15.0,28.0,1.0,6.0,6.0,4.0,5.0
131,202405,11,8.0,16.0,1.0,2.0,6.0,2.0,3.0,0.0,1.0,2.0,6.0,11.0,4.0,9.0,6.0,7.0,6.0,0.0,4.0,6.0,1.0,1.0,0.0,0.0,4.0,5.0,1.0,2.0,2.0,3.0,17.0,5.0,0.0,0.0
132,202405,12,6.0,330.0,23.0,6.0,12.0,11.0,6.0,2.0,2.0,10.0,31.0,6.0,7.0,14.0,8.0,23.0,17.0,8.0,19.0,7.0,5.0,22.0,10.0,30.0,9.0,5.0,5.0,1.0,7.0,2.0,1.0,5.0,6.0,2.0
133,202405,13,4.0,67.0,18.0,8.0,16.0,3.0,7.0,2.0,4.0,5.0,253.0,7.0,18.0,25.0,10.0,9.0,26.0,8.0,12.0,6.0,2.0,27.0,10.0,22.0,14.0,2.0,4.0,1.0,6.0,1.0,2.0,3.0,2.0,2.0
134,202405,14,7.0,2.0,4.0,3.0,2.0,7.0,2.0,2.0,0.0,2.0,11.0,12.0,5.0,7.0,7.0,0.0,5.0,2.0,3.0,1.0,3.0,10.0,3.0,3.0,1.0,0.0,4.0,1.0,1.0,0.0,8.0,8.0,1.0,3.0
135,202405,15,13.0,17.0,11.0,8.0,48.0,26.0,8.0,11.0,3.0,32.0,25.0,264.0,26.0,31.0,19.0,11.0,12.0,5.0,13.0,9.0,3.0,27.0,27.0,8.0,91.0,15.0,23.0,46.0,47.0,7.0,8.0,7.0,5.0,9.0
136,202405,16,14.0,518.0,49.0,14.0,23.0,23.0,14.0,12.0,5.0,28.0,174.0,35.0,19.0,45.0,26.0,18.0,73.0,5.0,29.0,18.0,7.0,61.0,23.0,35.0,36.0,9.0,14.0,15.0,13.0,0.0,27.0,23.0,9.0,19.0
137,202405,17,9.0,16.0,13.0,5.0,8.0,11.0,7.0,9.0,2.0,2.0,18.0,8.0,7.0,6.0,11.0,13.0,6.0,2.0,13.0,12.0,3.0,2.0,4.0,5.0,9.0,2.0,6.0,3.0,0.0,1.0,13.0,11.0,10.0,3.0
138,202405,18,3.0,9.0,4.0,2.0,7.0,9.0,5.0,9.0,4.0,2.0,11.0,6.0,12.0,7.0,10.0,7.0,8.0,3.0,8.0,7.0,0.0,2.0,8.0,3.0,22.0,1.0,7.0,5.0,3.0,1.0,2.0,2.0,1.0,0.0
139,202405,19,12.0,7.0,9.0,7.0,3.0,9.0,5.0,3.0,6.0,4.0,7.0,1.0,10.0,12.0,2.0,5.0,1.0,1.0,6.0,8.0,1.0,2.0,3.0,0.0,5.0,0.0,7.0,6.0,6.0,4.0,6.0,2.0,2.0,1.0
140,202405,20,9.0,10.0,9.0,23.0,0.0,8.0,14.0,0.0,5.0,5.0,3.0,6.0,8.0,145.0,11.0,48.0,4.0,18.0,11.0,11.0,4.0,8.0,14.0,12.0,4.0,2.0,4.0,2.0,0.0,1.0,5.0,4.0,4.0,3.0
141,202405,21,3.0,11.0,16.0,8.0,1.0,5.0,2.0,2.0,0.0,1.0,6.0,7.0,8.0,19.0,6.0,8.0,5.0,3.0,7.0,10.0,1.0,4.0,8.0,2.0,1.0,3.0,1.0,0.0,1.0,5.0,7.0,4.0,2.0,2.0
142,202405,22,4.0,397.0,32.0,16.0,9.0,7.0,11.0,1.0,0.0,16.0,31.0,11.0,13.0,10.0,18.0,24.0,25.0,8.0,15.0,21.0,15.0,34.0,16.0,28.0,16.0,4.0,6.0,5.0,6.0,11.0,6.0,8.0,8.0,8.0
143,202405,23,18.0,16.0,5.0,10.0,5.0,49.0,9.0,4.0,0.0,16.0,4.0,29.0,14.0,14.0,20.0,10.0,3.0,5.0,9.0,10.0,1.0,14.0,15.0,15.0,17.0,1.0,19.0,9.0,8.0,41.0,9.0,2.0,10.0,106.0
144,202405,24,13.0,181.0,16.0,32.0,9.0,18.0,9.0,6.0,3.0,7.0,24.0,13.0,15.0,224.0,28.0,14.0,12.0,46.0,17.0,20.0,2.0,27.0,25.0,27.0,26.0,4.0,8.0,4.0,4.0,4.0,16.0,10.0,6.0,7.0
145,202405,25,5.0,29.0,7.0,15.0,7.0,5.0,3.0,6.0,5.0,3.0,4.0,6.0,13.0,11.0,16.0,18.0,9.0,8.0,8.0,11.0,8.0,5.0,12.0,6.0,8.0,7.0,16.0,4.0,1.0,2.0,3.0,6.0,7.0,3.0
146,202405,26,7.0,6.0,3.0,2.0,1.0,9.0,5.0,1.0,1.0,31.0,2.0,17.0,5.0,49.0,19.0,3.0,5.0,3.0,6.0,8.0,2.0,6.0,8.0,5.0,9.0,0.0,18.0,2.0,2.0,3.0,7.0,6.0,5.0,2.0
147,202405,27,130.0,84.0,10.0,12.0,6.0,73.0,7.0,15.0,1.0,64.0,19.0,26.0,26.0,27.0,54.0,6.0,10.0,11.0,11.0,10.0,2.0,31.0,44.0,13.0,29.0,12.0,29.0,8.0,9.0,70.0,7.0,4.0,8.0,161.0
148,202405,28,22.0,952.0,94.0,23.0,30.0,33.0,16.0,16.0,1.0,23.0,234.0,34.0,44.0,50.0,20.0,36.0,72.0,14.0,51.0,34.0,22.0,62.0,39.0,76.0,45.0,14.0,7.0,27.0,7.0,5.0,6.0,36.0,18.0,14.0
149,202405,29,16.0,270.0,60.0,18.0,15.0,12.0,31.0,19.0,1.0,45.0,44.0,28.0,14.0,33.0,15.0,33.0,33.0,5.0,36.0,36.0,9.0,17.0,30.0,26.0,22.0,4.0,12.0,25.0,11.0,10.0,4.0,15.0,13.0,25.0
150,202405,30,16.0,883.0,73.0,17.0,36.0,22.0,16.0,9.0,4.0,16.0,83.0,23.0,26.0,44.0,28.0,61.0,77.0,17.0,56.0,30.0,6.0,49.0,23.0,43.0,29.0,9.0,8.0,29.0,10.0,6.0,4.0,28.0,12.0,12.0
151,202405,31,9.0,236.0,63.0,22.0,17.0,23.0,25.0,22.0,0.0,16.0,115.0,26.0,17.0,43.0,27.0,30.0,43.0,6.0,41.0,32.0,16.0,24.0,24.0,38.0,34.0,7.0,13.0,33.0,15.0,7.0,15.0,17.0,27.0,17.0
152,202406,1,11.0,232.0,48.0,10.0,12.0,13.0,17.0,16.0,3.0,11.0,43.0,34.0,10.0,54.0,19.0,13.0,23.0,4.0,52.0,23.0,3.0,24.0,17.0,12.0,18.0,2.0,8.0,15.0,15.0,6.0,13.0,12.0,8.0,6.0
153,202406,2,6.0,343.0,30.0,20.0,14.0,11.0,24.0,8.0,0.0,10.0,31.0,12.0,26.0,38.0,14.0,25.0,32.0,5.0,24.0,24.0,3.0,34.0,22.0,37.0,15.0,6.0,10.0,12.0,2.0,3.0,6.0,12.0,19.0,2.0
154,202406,3,0.0,60.0,10.0,18.0,6.0,4.0,13.0,7.0,0.0,5.0,19.0,13.0,8.0,28.0,2.0,8.0,12.0,7.0,20.0,9.0,10.0,14.0,19.0,8.0,20.0,3.0,8.0,5.0,1.0,1.0,12.0,8.0,2.0,8.0
155,202406,4,0.0,11.0,6.0,0.0,6.0,11.0,7.0,4.0,3.0,15.0,5.0,153.0,7.0,19.0,8.0,6.0,6.0,0.0,4.0,8.0,4.0,12.0,10.0,2.0,18.0,7.0,14.0,4.0,5.0,6.0,5.0,4.0,7.0,1.0
156,202406,5,66.0,115.0,36.0,21.0,9.0,56.0,5.0,41.0,3.0,51.0,251.0,88.0,28.0,43.0,65.0,57.0,27.0,18.0,19.0,14.0,8.0,40.0,40.0,23.0,43.0,23.0,33.0,14.0,14.0,64.0,3.0,5.0,0.0,51.0
157,202406,6,7.0,24.0,14.0,30.0,0.0,28.0,9.0,5.0,2.0,14.0,10.0,19.0,5.0,23.0,10.0,77.0,10.0,4.0,28.0,14.0,4.0,7.0,11.0,7.0,21.0,5.0,7.0,1.0,7.0,6.0,0.0,23.0,8.0,8.0
158,202406,7,4.0,8.0,17.0,2.0,2.0,18.0,10.0,7.0,6.0,1.0,2.0,6.0,2.0,5.0,6.0,21.0,0.0,1.0,15.0,13.0,3.0,5.0,3.0,1.0,2.0,6.0,8.0,3.0,1.0,2.0,17.0,19.0,11.0,6.0
159,202406,8,0.0,9.0,3.0,0.0,2.0,7.0,11.0,6.0,1.0,1.0,7.0,6.0,5.0,12.0,5.0,6.0,1.0,1.0,6.0,12.0,2.0,1.0,5.0,4.0,9.0,3.0,2.0,1.0,2.0,0.0,2.0,5.0,0.0,0.0
160,202406,9,4.0,15.0,5.0,5.0,4.0,3.0,8.0,7.0,1.0,5.0,5.0,5.0,5.0,12.0,9.0,12.0,2.0,2.0,11.0,7.0,6.0,7.0,7.0,3.0,3.0,1.0,6.0,2.0,0.0,2.0,10.0,13.0,7.0,0.0
161,202406,10,7.0,43.0,7.0,4.0,2.0,8.0,5.0,3.0,0.0,5.0,17.0,5.0,7.0,10.0,5.0,11.0,5.0,2.0,10.0,9.0,12.0,5.0,5.0,9.0,5.0,1.0,2.0,3.0,1.0,2.0,1.0,0.0,3.0,2.0
162,202406,11,1.0,27.0,4.0,3.0,4.0,6.0,1.0,7.0,4.0,7.0,26.0,12.0,6.0,8.0,5.0,8.0,3.0,2.0,8.0,11.0,7.0,5.0,10.0,4.0,7.0,6.0,9.0,69.0,21.0,2.0,5.0,3.0,3.0,8.0
163,202406,12,38.0,57.0,18.0,19.0,39.0,48.0,9.0,29.0,3.0,38.0,50.0,58.0,55.0,52.0,22.0,36.0,20.0,14.0,23.0,27.0,4.0,21.0,20.0,10.0,55.0,35.0,22.0,353.0,289.0,27.0,1.0,19.0,9.0,36.0
164,202406,13,29.0,47.0,16.0,10.0,32.0,38.0,7.0,19.0,1.0,32.0,40.0,30.0,32.0,41.0,24.0,27.0,14.0,5.0,32.0,15.0,10.0,26.0,32.0,9.0,56.0,22.0,18.0,250.0,141.0,20.0,4.0,12.0,2.0,19.0
165,202406,14,86.0,20.0,4.0,5.0,11.0,46.0,7.0,14.0,2.0,35.0,15.0,33.0,14.0,25.0,29.0,10.0,3.0,7.0,8.0,14.0,3.0,8.0,30.0,9.0,44.0,4.0,21.0,27.0,32.0,58.0,3.0,10.0,3.0,67.0
166,202406,15,14.0,13.0,11.0,7.0,2.0,10.0,17.0,2.0,8.0,5.0,14.0,12.0,2.0,15.0,9.0,26.0,8.0,3.0,5.0,5.0,10.0,6.0,5.0,3.0,24.0,0.0,4.0,11.0,4.0,11.0,3.0,8.0,2.0,15.0
167,202406,16,4.0,11.0,13.0,6.0,3.0,12.0,3.0,5.0,2.0,0.0,9.0,8.0,7.0,74.0,16.0,17.0,0.0,12.0,11.0,10.0,4.0,7.0,8.0,11.0,11.0,2.0,2.0,2.0,5.0,0.0,7.0,4.0,3.0,1.0
168,202406,17,0.0,7.0,6.0,6.0,2.0,6.0,5.0,5.0,7.0,8.0,4.0,11.0,4.0,2.0,12.0,10.0,1.0,11.0,11.0,3.0,5.0,5.0,5.0,3.0,6.0,2.0,3.0,5.0,0.0,1.0,9.0,3.0,2.0,7.0
169,202406,18,5.0,11.0,3.0,9.0,1.0,5.0,14.0,1.0,3.0,2.0,7.0,2.0,2.0,4.0,5.0,6.0,2.0,9.0,13.0,20.0,8.0,1.0,3.0,1.0,7.0,1.0,3.0,2.0,1.0,2.0,7.0,1.0,6.0,2.0
170,202406,19,3.0,9.0,8.0,5.0,1.0,4.0,3.0,1.0,6.0,3.0,17.0,7.0,8.0,15.0,3.0,23.0,3.0,1.0,11.0,29.0,9.0,5.0,2.0,6.0,8.0,2.0,4.0,1.0,0.0,0.0,1.0,7.0,6.0,4.0
171,202406,20,7.0,15.0,16.0,12.0,3.0,29.0,12.0,4.0,3.0,9.0,10.0,7.0,3.0,36.0,10.0,112.0,3.0,2.0,21.0,15.0,16.0,11.0,5.0,9.0,4.0,3.0,7.0,5.0,1.0,3.0,3.0,8.0,2.0,5.0
172,202406,21,7.0,23.0,23.0,14.0,0.0,20.0,4.0,10.0,6.0,7.0,17.0,10.0,5.0,25.0,9.0,75.0,1.0,0.0,7.0,21.0,10.0,6.0,7.0,8.0,2.0,0.0,4.0,5.0,1.0,3.0,7.0,3.0,4.0,7.0
173,202406,22,131.0,22.0,12.0,20.0,8.0,62.0,1.0,10.0,2.0,17.0,16.0,19.0,21.0,40.0,34.0,19.0,7.0,9.0,8.0,19.0,5.0,6.0,19.0,6.0,23.0,8.0,26.0,5.0,16.0,44.0,1.0,5.0,6.0,54.0
174,202406,23,116.0,28.0,14.0,14.0,6.0,129.0,15.0,94.0,3.0,66.0,16.0,44.0,15.0,39.0,59.0,19.0,3.0,7.0,24.0,11.0,6.0,17.0,43.0,13.0,48.0,7.0,39.0,7.0,11.0,93.0,3.0,12.0,6.0,128.0
175,202406,24,4.0,8.0,5.0,8.0,6.0,25.0,5.0,26.0,6.0,21.0,5.0,19.0,14.0,25.0,19.0,17.0,0.0,4.0,16.0,8.0,16.0,5.0,13.0,6.0,17.0,3.0,10.0,12.0,8.0,1.0,3.0,23.0,4.0,14.0
176,202406,25,14.0,20.0,10.0,45.0,4.0,27.0,10.0,11.0,2.0,11.0,13.0,17.0,26.0,350.0,26.0,27.0,4.0,29.0,20.0,18.0,11.0,21.0,34.0,30.0,15.0,5.0,11.0,5.0,8.0,6.0,1.0,18.0,4.0,8.0
177,202406,26,104.0,38.0,10.0,14.0,4.0,45.0,7.0,31.0,2.0,67.0,19.0,46.0,11.0,41.0,34.0,50.0,8.0,10.0,13.0,22.0,6.0,20.0,27.0,13.0,42.0,9.0,35.0,14.0,6.0,61.0,7.0,16.0,5.0,134.0
178,202406,27,56.0,27.0,16.0,19.0,2.0,39.0,14.0,5.0,8.0,28.0,16.0,31.0,16.0,35.0,35.0,27.0,11.0,3.0,27.0,20.0,5.0,16.0,21.0,12.0,33.0,9.0,37.0,9.0,8.0,26.0,5.0,11.0,5.0,83.0
179,202406,28,12.0,10.0,7.0,12.0,7.0,4.0,7.0,5.0,5.0,0.0,16.0,7.0,4.0,13.0,8.0,10.0,3.0,0.0,9.0,6.0,1.0,4.0,7.0,3.0,11.0,3.0,2.0,5.0,3.0,3.0,2.0,3.0,2.0,7.0
180,202406,29,13.0,18.0,5.0,4.0,6.0,17.0,8.0,7.0,0.0,11.0,6.0,10.0,4.0,17.0,11.0,10.0,2.0,1.0,5.0,9.0,7.0,4.0,9.0,1.0,24.0,6.0,14.0,3.0,14.0,50.0,0.0,8.0,1.0,2.0
181,202406,30,205.0,37.0,22.0,6.0,23.0,175.0,15.0,204.0,4.0,111.0,22.0,148.0,38.0,75.0,87.0,18.0,9.0,13.0,24.0,9.0,13.0,34.0,82.0,23.0,103.0,22.0,65.0,46.0,38.0,169.0,0.0,23.0,7.0,222.0
182,202407,1,57.0,20.0,18.0,17.0,9.0,75.0,11.0,77.0,6.0,33.0,24.0,41.0,15.0,40.0,41.0,16.0,16.0,5.0,26.0,19.0,10.0,15.0,33.0,9.0,33.0,12.0,23.0,8.0,26.0,24.0,4.0,17.0,6.0,46.0
183,202407,2,10.0,6.0,6.0,6.0,2.0,13.0,8.0,3.0,0.0,3.0,4.0,1.0,2.0,22.0,9.0,23.0,2.0,3.0,13.0,14.0,7.0,2.0,13.0,7.0,4.0,2.0,9.0,3.0,6.0,7.0,9.0,9.0,0.0,2.0
184,202407,3,5.0,3.0,6.0,7.0,0.0,4.0,5.0,3.0,3.0,1.0,5.0,5.0,9.0,18.0,1.0,22.0,1.0,0.0,20.0,18.0,3.0,6.0,4.0,6.0,6.0,1.0,2.0,3.0,4.0,4.0,0.0,12.0,1.0,6.0
185,202407,4,2.0,6.0,5.0,1.0,2.0,2.0,0.0,1.0,4.0,0.0,5.0,0.0,1.0,8.0,4.0,3.0,2.0,1.0,21.0,5.0,4.0,1.0,3.0,3.0,6.0,2.0,7.0,2.0,0.0,2.0,1.0,9.0,2.0,1.0
186,202407,5,17.0,3.0,7.0,5.0,1.0,17.0,5.0,9.0,4.0,12.0,6.0,14.0,9.0,18.0,21.0,8.0,4.0,3.0,13.0,19.0,1.0,5.0,3.0,4.0,4.0,2.0,9.0,7.0,5.0,6.0,10.0,5.0,11.0,58.0
187,202407,6,10.0,29.0,28.0,3.0,7.0,7.0,17.0,4.0,2.0,9.0,117.0,39.0,17.0,16.0,11.0,19.0,13.0,2.0,13.0,26.0,2.0,9.0,7.0,13.0,14.0,2.0,9.0,4.0,4.0,3.0,16.0,4.0,11.0,3.0
188,202407,7,9.0,105.0,37.0,21.0,24.0,48.0,33.0,18.0,5.0,30.0,272.0,96.0,59.0,137.0,34.0,38.0,19.0,22.0,21.0,30.0,12.0,36.0,23.0,41.0,34.0,5.0,22.0,9.0,8.0,11.0,18.0,39.0,8.0,27.0
189,202407,8,28.0,286.0,85.0,29.0,38.0,34.0,25.0,28.0,0.0,21.0,1240.0,66.0,77.0,51.0,55.0,63.0,85.0,24.0,59.0,35.0,15.0,96.0,58.0,65.0,85.0,24.0,39.0,34.0,26.0,2.0,3.0,40.0,25.0,36.0
190,202407,9,12.0,89.0,38.0,10.0,7.0,13.0,12.0,21.0,2.0,14.0,348.0,25.0,25.0,35.0,9.0,19.0,16.0,4.0,13.0,15.0,6.0,42.0,18.0,32.0,23.0,14.0,10.0,12.0,9.0,3.0,5.0,19.0,12.0,14.0
191,202407,10,35.0,23.0,11.0,9.0,6.0,49.0,16.0,30.0,3.0,61.0,40.0,33.0,13.0,36.0,41.0,10.0,2.0,3.0,19.0,34.0,3.0,12.0,22.0,14.0,24.0,2.0,34.0,5.0,10.0,52.0,4.0,22.0,11.0,79.0
192,202407,11,9.0,13.0,16.0,6.0,4.0,17.0,32.0,9.0,7.0,7.0,50.0,8.0,18.0,24.0,17.0,12.0,2.0,3.0,26.0,29.0,6.0,2.0,9.0,4.0,9.0,1.0,9.0,7.0,4.0,4.0,4.0,32.0,13.0,16.0
193,202407,12,56.0,33.0,17.0,3.0,6.0,29.0,15.0,52.0,2.0,47.0,51.0,18.0,23.0,40.0,41.0,28.0,7.0,5.0,30.0,36.0,9.0,20.0,29.0,22.0,54.0,7.0,37.0,11.0,17.0,56.0,4.0,24.0,5.0,53.0
194,202407,13,12.0,16.0,13.0,8.0,2.0,14.0,6.0,13.0,5.0,6.0,79.0,5.0,9.0,58.0,15.0,27.0,12.0,8.0,22.0,16.0,3.0,7.0,6.0,12.0,22.0,3.0,20.0,5.0,9.0,15.0,16.0,30.0,4.0,6.0
195,202407,14,92.0,40.0,18.0,12.0,17.0,35.0,13.0,41.0,0.0,17.0,49.0,41.0,10.0,124.0,43.0,40.0,16.0,33.0,43.0,29.0,17.0,17.0,35.0,20.0,34.0,9.0,29.0,6.0,14.0,7.0,8.0,27.0,6.0,33.0
196,202407,15,38.0,44.0,17.0,21.0,10.0,37.0,20.0,25.0,5.0,47.0,50.0,35.0,28.0,217.0,38.0,72.0,12.0,83.0,20.0,25.0,3.0,16.0,49.0,27.0,46.0,15.0,15.0,15.0,15.0,11.0,6.0,32.0,4.0,27.0
197,202407,16,40.0,35.0,14.0,16.0,16.0,41.0,15.0,36.0,1.0,35.0,11.0,146.0,20.0,104.0,47.0,45.0,13.0,23.0,18.0,27.0,11.0,13.0,32.0,25.0,44.0,9.0,21.0,8.0,8.0,3.0,6.0,14.0,7.0,41.0
198,202407,17,169.0,103.0,18.0,12.0,33.0,167.0,17.0,88.0,4.0,145.0,50.0,158.0,45.0,72.0,140.0,31.0,30.0,15.0,20.0,20.0,10.0,39.0,66.0,41.0,82.0,37.0,73.0,41.0,28.0,140.0,1.0,12.0,3.0,228.0
199,202407,18,33.0,103.0,69.0,49.0,22.0,60.0,70.0,52.0,23.0,54.0,54.0,202.0,103.0,49.0,95.0,84.0,31.0,18.0,118.0,122.0,73.0,40.0,33.0,37.0,75.0,26.0,46.0,23.0,35.0,47.0,48.0,114.0,24.0,79.0
200,202407,19,255.0,216.0,120.0,251.0,113.0,285.0,172.0,118.0,17.0,204.0,327.0,277.0,1029.0,435.0,379.0,240.0,90.0,38.0,254.0,211.0,179.0,138.0,205.0,113.0,317.0,49.0,199.0,110.0,154.0,113.0,11.0,180.0,56.0,243.0
201,202407,20,90.0,83.0,54.0,223.0,90.0,149.0,140.0,37.0,20.0,92.0,141.0,114.0,695.0,176.0,232.0,205.0,76.0,19.0,170.0,155.0,178.0,88.0,118.0,67.0,197.0,19.0,104.0,63.0,93.0,112.0,21.0,97.0,34.0,95.0
202,202407,21,108.0,158.0,80.0,277.0,83.0,159.0,146.0,43.0,10.0,79.0,101.0,123.0,817.0,114.0,247.0,114.0,73.0,14.0,192.0,127.0,180.0,95.0,89.0,65.0,203.0,26.0,70.0,84.0,89.0,65.0,8.0,95.0,44.0,136.0
203,202407,22,150.0,112.0,60.0,226.0,64.0,174.0,102.0,35.0,18.0,169.0,206.0,103.0,535.0,96.0,194.0,70.0,71.0,31.0,110.0,105.0,119.0,76.0,111.0,70.0,173.0,24.0,96.0,91.0,73.0,90.0,20.0,57.0,41.0,175.0
204,202407,23,41.0,91.0,43.0,95.0,56.0,133.0,43.0,44.0,7.0,113.0,124.0,225.0,241.0,177.0,95.0,29.0,35.0,14.0,62.0,43.0,39.0,48.0,76.0,46.0,115.0,16.0,44.0,24.0,30.0,44.0,2.0,35.0,10.0,53.0
205,202407,24,55.0,52.0,21.0,27.0,11.0,63.0,13.0,25.0,7.0,63.0,60.0,67.0,22.0,67.0,47.0,10.0,17.0,10.0,24.0,18.0,10.0,12.0,49.0,24.0,40.0,8.0,21.0,14.0,6.0,41.0,6.0,14.0,17.0,23.0
206,202407,25,7.0,25.0,11.0,5.0,12.0,14.0,8.0,5.0,3.0,14.0,25.0,30.0,8.0,16.0,20.0,20.0,4.0,3.0,24.0,19.0,2.0,8.0,13.0,8.0,10.0,3.0,8.0,4.0,11.0,1.0,5.0,21.0,5.0,2.0
207,202407,26,4.0,21.0,9.0,0.0,3.0,0.0,11.0,6.0,5.0,3.0,26.0,23.0,4.0,15.0,3.0,11.0,3.0,3.0,10.0,17.0,4.0,1.0,0.0,5.0,6.0,1.0,3.0,10.0,3.0,0.0,2.0,23.0,9.0,2.0
208,202407,27,7.0,8.0,5.0,0.0,4.0,2.0,5.0,3.0,2.0,1.0,16.0,26.0,0.0,14.0,5.0,20.0,5.0,2.0,13.0,15.0,3.0,4.0,4.0,3.0,7.0,1.0,6.0,8.0,4.0,1.0,2.0,8.0,2.0,2.0
209,202407,28,23.0,16.0,25.0,3.0,4.0,5.0,8.0,4.0,2.0,8.0,14.0,18.0,1.0,14.0,3.0,23.0,1.0,3.0,17.0,17.0,5.0,4.0,3.0,3.0,14.0,1.0,5.0,3.0,0.0,1.0,10.0,14.0,7.0,4.0
210,202407,29,15.0,9.0,12.0,2.0,4.0,11.0,8.0,5.0,5.0,7.0,11.0,31.0,13.0,30.0,6.0,13.0,0.0,4.0,27.0,20.0,8.0,6.0,7.0,7.0,4.0,6.0,15.0,2.0,2.0,1.0,5.0,6.0,5.0,5.0
211,202407,30,53.0,27.0,14.0,2.0,9.0,30.0,15.0,8.0,2.0,43.0,21.0,55.0,16.0,36.0,11.0,9.0,2.0,3.0,16.0,19.0,6.0,8.0,18.0,14.0,2.0,8.0,12.0,12.0,6.0,0.0,0.0,17.0,0.0,14.0
212,202407,31,18.0,23.0,12.0,26.0,1.0,34.0,2.0,3.0,1.0,27.0,14.0,22.0,13.0,22.0,15.0,15.0,2.0,5.0,9.0,9.0,6.0,9.0,8.0,3.0,18.0,5.0,14.0,2.0,4.0,5.0,1.0,6.0,4.0,48.0
213,202408,1,24.0,37.0,13.0,8.0,15.0,13.0,19.0,11.0,5.0,8.0,21.0,19.0,8.0,43.0,10.0,30.0,3.0,11.0,25.0,27.0,16.0,9.0,11.0,10.0,10.0,6.0,11.0,1.0,1.0,3.0,8.0,7.0,2.0,7.0
214,202408,2,185.0,44.0,19.0,16.0,13.0,204.0,19.0,99.0,4.0,129.0,42.0,97.0,36.0,84.0,100.0,46.0,14.0,16.0,33.0,42.0,15.0,40.0,68.0,30.0,59.0,48.0,69.0,38.0,28.0,139.0,4.0,16.0,5.0,282.0
215,202408,3,236.0,88.0,34.0,28.0,40.0,188.0,22.0,178.0,5.0,128.0,59.0,243.0,89.0,100.0,145.0,38.0,25.0,18.0,29.0,31.0,26.0,27.0,70.0,38.0,120.0,95.0,146.0,148.0,67.0,195.0,6.0,30.0,16.0,167.0
216,202408,4,224.0,189.0,81.0,66.0,179.0,333.0,41.0,187.0,0.0,236.0,104.0,308.0,164.0,163.0,222.0,69.0,57.0,30.0,87.0,61.0,35.0,76.0,132.0,69.0,331.0,54.0,120.0,294.0,189.0,183.0,2.0,63.0,27.0,280.0
217,202408,5,108.0,99.0,25.0,54.0,195.0,151.0,21.0,113.0,7.0,122.0,112.0,167.0,137.0,198.0,150.0,68.0,27.0,41.0,46.0,35.0,24.0,67.0,96.0,43.0,425.0,75.0,67.0,236.0,242.0,65.0,4.0,35.0,15.0,121.0
218,202408,6,269.0,58.0,27.0,33.0,24.0,297.0,27.0,202.0,13.0,137.0,41.0,126.0,59.0,124.0,150.0,41.0,18.0,22.0,35.0,39.0,16.0,57.0,100.0,37.0,228.0,40.0,110.0,61.0,61.0,248.0,1.0,20.0,14.0,364.0
219,202408,7,72.0,30.0,12.0,15.0,20.0,78.0,18.0,28.0,6.0,30.0,22.0,46.0,25.0,33.0,47.0,25.0,10.0,3.0,21.0,31.0,11.0,7.0,27.0,15.0,85.0,12.0,43.0,16.0,22.0,55.0,3.0,19.0,16.0,91.0
220,202408,8,6.0,29.0,10.0,8.0,6.0,20.0,16.0,14.0,6.0,35.0,12.0,38.0,9.0,12.0,13.0,8.0,3.0,7.0,17.0,11.0,5.0,11.0,7.0,9.0,28.0,3.0,12.0,4.0,5.0,19.0,0.0,16.0,0.0,27.0
221,202408,9,158.0,35.0,20.0,15.0,12.0,186.0,7.0,94.0,5.0,135.0,23.0,60.0,26.0,62.0,89.0,42.0,9.0,14.0,37.0,22.0,3.0,41.0,70.0,19.0,61.0,14.0,50.0,17.0,15.0,145.0,0.0,21.0,6.0,207.0
222,202408,10,11.0,7.0,5.0,1.0,4.0,30.0,9.0,11.0,6.0,6.0,18.0,6.0,10.0,13.0,13.0,28.0,3.0,6.0,9.0,7.0,7.0,8.0,10.0,6.0,6.0,0.0,2.0,2.0,4.0,6.0,6.0,4.0,0.0,3.0
223,202408,11,7.0,22.0,13.0,1.0,14.0,8.0,11.0,3.0,2.0,0.0,11.0,29.0,5.0,20.0,8.0,21.0,2.0,2.0,15.0,16.0,8.0,8.0,2.0,3.0,17.0,0.0,4.0,2.0,1.0,0.0,3.0,17.0,1.0,3.0
224,202408,12,5.0,6.0,1.0,1.0,4.0,4.0,10.0,3.0,0.0,1.0,12.0,4.0,6.0,9.0,2.0,15.0,1.0,4.0,15.0,10.0,12.0,9.0,4.0,4.0,13.0,2.0,4.0,3.0,1.0,0.0,3.0,2.0,3.0,4.0
225,202408,13,5.0,10.0,9.0,6.0,3.0,5.0,7.0,4.0,4.0,2.0,11.0,7.0,5.0,7.0,5.0,63.0,4.0,3.0,5.0,12.0,5.0,3.0,5.0,9.0,2.0,0.0,2.0,0.0,0.0,2.0,7.0,4.0,2.0,1.0
226,202408,14,8.0,10.0,8.0,7.0,4.0,2.0,7.0,4.0,2.0,0.0,9.0,4.0,3.0,7.0,3.0,10.0,4.0,0.0,9.0,7.0,2.0,4.0,10.0,7.0,6.0,0.0,2.0,1.0,4.0,0.0,8.0,2.0,0.0,4.0
227,202408,15,3.0,16.0,8.0,1.0,5.0,3.0,5.0,7.0,16.0,6.0,20.0,8.0,6.0,19.0,5.0,9.0,3.0,4.0,10.0,9.0,0.0,5.0,5.0,8.0,5.0,0.0,7.0,8.0,20.0,3.0,17.0,5.0,5.0,4.0
228,202408,16,7.0,11.0,6.0,8.0,3.0,6.0,3.0,7.0,1.0,7.0,8.0,11.0,2.0,45.0,8.0,12.0,4.0,1.0,8.0,6.0,4.0,5.0,2.0,2.0,11.0,0.0,4.0,2.0,3.0,2.0,6.0,6.0,3.0,3.0
229,202408,17,7.0,7.0,7.0,0.0,6.0,3.0,58.0,6.0,1.0,3.0,10.0,19.0,4.0,12.0,2.0,12.0,6.0,2.0,10.0,13.0,5.0,0.0,5.0,5.0,5.0,0.0,7.0,2.0,4.0,3.0,5.0,3.0,0.0,2.0
230,202408,18,289.0,38.0,10.0,11.0,23.0,184.0,41.0,93.0,15.0,81.0,40.0,64.0,59.0,104.0,106.0,13.0,8.0,20.0,37.0,26.0,17.0,30.0,57.0,23.0,83.0,78.0,95.0,22.0,20.0,154.0,8.0,9.0,4.0,356.0
231,202408,19,248.0,35.0,17.0,16.0,23.0,176.0,14.0,21.0,5.0,76.0,30.0,71.0,35.0,54.0,92.0,50.0,14.0,14.0,23.0,19.0,15.0,40.0,72.0,19.0,63.0,10.0,47.0,22.0,17.0,125.0,6.0,15.0,13.0,191.0
232,202408,20,24.0,18.0,9.0,7.0,5.0,13.0,4.0,2.0,3.0,10.0,8.0,12.0,4.0,13.0,22.0,19.0,7.0,1.0,11.0,24.0,2.0,9.0,12.0,4.0,18.0,4.0,10.0,3.0,0.0,1.0,0.0,7.0,2.0,6.0
233,202408,21,16.0,8.0,6.0,6.0,5.0,11.0,6.0,4.0,1.0,3.0,3.0,10.0,1.0,11.0,4.0,8.0,1.0,0.0,11.0,13.0,5.0,4.0,7.0,4.0,3.0,1.0,3.0,8.0,3.0,3.0,6.0,3.0,2.0,4.0
234,202408,22,15.0,12.0,18.0,3.0,19.0,16.0,8.0,16.0,3.0,9.0,7.0,17.0,14.0,17.0,5.0,11.0,4.0,4.0,8.0,33.0,4.0,2.0,6.0,6.0,29.0,9.0,4.0,33.0,25.0,3.0,2.0,10.0,2.0,7.0
235,202408,23,13.0,8.0,7.0,1.0,3.0,3.0,11.0,4.0,2.0,3.0,7.0,4.0,5.0,14.0,7.0,11.0,4.0,2.0,8.0,21.0,4.0,6.0,12.0,1.0,14.0,3.0,13.0,9.0,4.0,0.0,2.0,4.0,3.0,3.0
236,202408,24,13.0,7.0,5.0,3.0,7.0,2.0,3.0,1.0,4.0,6.0,6.0,4.0,0.0,16.0,10.0,11.0,4.0,0.0,8.0,6.0,4.0,2.0,8.0,4.0,4.0,0.0,9.0,11.0,0.0,2.0,20.0,0.0,1.0,3.0
237,202408,25,15.0,10.0,6.0,2.0,10.0,8.0,9.0,7.0,7.0,7.0,2.0,8.0,5.0,22.0,9.0,8.0,3.0,3.0,4.0,7.0,2.0,0.0,6.0,7.0,8.0,1.0,4.0,3.0,1.0,0.0,58.0,3.0,7.0,4.0
238,202408,26,4.0,10.0,7.0,6.0,3.0,10.0,10.0,7.0,1.0,8.0,11.0,16.0,8.0,24.0,7.0,6.0,5.0,1.0,13.0,13.0,2.0,3.0,5.0,11.0,7.0,3.0,9.0,1.0,3.0,2.0,12.0,2.0,0.0,6.0
239,202408,27,4.0,10.0,5.0,3.0,4.0,4.0,7.0,5.0,1.0,12.0,16.0,1.0,3.0,77.0,4.0,8.0,3.0,4.0,8.0,9.0,7.0,4.0,4.0,5.0,5.0,0.0,14.0,0.0,1.0,1.0,3.0,1.0,0.0,0.0
240,202408,28,4.0,8.0,6.0,10.0,4.0,12.0,4.0,3.0,0.0,5.0,13.0,5.0,5.0,12.0,7.0,15.0,1.0,7.0,5.0,14.0,3.0,12.0,5.0,7.0,1.0,0.0,12.0,2.0,2.0,2.0,8.0,5.0,4.0,2.0
241,202408,29,31.0,15.0,13.0,11.0,12.0,54.0,14.0,84.0,10.0,165.0,17.0,37.0,31.0,43.0,57.0,18.0,5.0,13.0,11.0,24.0,2.0,25.0,29.0,17.0,34.0,26.0,187.0,13.0,15.0,10.0,9.0,4.0,4.0,31.0
242,202408,30,15.0,24.0,8.0,12.0,8.0,32.0,26.0,20.0,2.0,64.0,18.0,289.0,25.0,38.0,25.0,12.0,13.0,4.0,17.0,28.0,2.0,27.0,23.0,16.0,34.0,15.0,51.0,17.0,12.0,4.0,7.0,29.0,7.0,17.0
243,202408,31,10.0,8.0,7.0,8.0,9.0,24.0,5.0,11.0,4.0,26.0,9.0,49.0,12.0,12.0,19.0,12.0,13.0,5.0,4.0,8.0,7.0,16.0,24.0,8.0,27.0,4.0,8.0,2.0,12.0,0.0,1.0,4.0,0.0,3.0
244,202409,1,2.0,14.0,5.0,3.0,9.0,9.0,2.0,6.0,3.0,20.0,12.0,173.0,13.0,8.0,7.0,6.0,4.0,3.0,2.0,6.0,6.0,16.0,10.0,4.0,17.0,2.0,30.0,7.0,0.0,0.0,7.0,4.0,2.0,7.0
245,202409,2,67.0,6.0,5.0,3.0,3.0,20.0,3.0,8.0,2.0,10.0,7.0,20.0,4.0,9.0,14.0,5.0,6.0,6.0,11.0,10.0,4.0,12.0,10.0,8.0,21.0,4.0,11.0,2.0,0.0,1.0,5.0,3.0,4.0,2.0
246,202409,3,4.0,7.0,4.0,4.0,6.0,5.0,4.0,5.0,1.0,1.0,0.0,4.0,0.0,12.0,6.0,4.0,2.0,0.0,11.0,10.0,6.0,2.0,1.0,3.0,2.0,0.0,5.0,3.0,3.0,5.0,1.0,6.0,3.0,2.0
247,202409,4,2.0,3.0,3.0,1.0,2.0,5.0,11.0,3.0,0.0,2.0,11.0,5.0,2.0,9.0,4.0,6.0,1.0,0.0,7.0,3.0,2.0,4.0,8.0,2.0,5.0,0.0,2.0,2.0,1.0,1.0,0.0,1.0,3.0,2.0
248,202409,5,9.0,10.0,5.0,1.0,1.0,6.0,17.0,4.0,8.0,3.0,7.0,0.0,5.0,12.0,5.0,6.0,0.0,0.0,6.0,19.0,8.0,6.0,6.0,2.0,7.0,0.0,2.0,2.0,2.0,2.0,7.0,5.0,2.0,8.0
249,202409,6,3.0,7.0,8.0,0.0,4.0,5.0,19.0,1.0,9.0,4.0,7.0,5.0,2.0,12.0,4.0,7.0,4.0,2.0,11.0,20.0,2.0,2.0,8.0,2.0,2.0,0.0,5.0,2.0,1.0,1.0,11.0,6.0,2.0,2.0
250,202409,7,0.0,2.0,2.0,0.0,0.0,1.0,3.0,1.0,5.0,3.0,2.0,2.0,0.0,6.0,3.0,7.0,5.0,0.0,8.0,3.0,2.0,1.0,2.0,2.0,1.0,1.0,2.0,0.0,2.0,0.0,0.0,2.0,1.0,2.0
251,202409,8,4.0,10.0,12.0,6.0,0.0,4.0,13.0,2.0,6.0,1.0,5.0,6.0,1.0,9.0,2.0,9.0,1.0,2.0,10.0,8.0,4.0,3.0,5.0,3.0,2.0,2.0,4.0,0.0,0.0,0.0,7.0,3.0,3.0,1.0
252,202409,9,3.0,4.0,8.0,3.0,0.0,0.0,13.0,2.0,1.0,2.0,4.0,7.0,5.0,19.0,3.0,10.0,3.0,2.0,8.0,9.0,1.0,1.0,0.0,5.0,1.0,2.0,4.0,5.0,1.0,0.0,7.0,5.0,0.0,1.0
253,202409,10,2.0,5.0,5.0,1.0,1.0,1.0,6.0,3.0,1.0,1.0,5.0,7.0,5.0,7.0,2.0,2.0,1.0,1.0,4.0,5.0,4.0,1.0,6.0,6.0,5.0,0.0,0.0,1.0,0.0,1.0,0.0,0.0,1.0,0.0
254,202409,11,11.0,44.0,7.0,3.0,3.0,9.0,11.0,8.0,3.0,14.0,228.0,23.0,20.0,18.0,2.0,13.0,11.0,4.0,15.0,20.0,9.0,8.0,14.0,2.0,7.0,5.0,10.0,8.0,3.0,3.0,6.0,16.0,7.0,3.0
255,202409,12,3.0,12.0,6.0,1.0,3.0,10.0,7.0,1.0,4.0,3.0,126.0,4.0,7.0,11.0,3.0,10.0,1.0,1.0,15.0,9.0,5.0,27.0,5.0,5.0,4.0,3.0,4.0,0.0,5.0,5.0,6.0,5.0,2.0,1.0
256,202409,13,7.0,6.0,6.0,2.0,1.0,4.0,9.0,1.0,5.0,3.0,5.0,6.0,4.0,6.0,1.0,10.0,1.0,1.0,10.0,10.0,1.0,2.0,5.0,5.0,4.0,5.0,4.0,1.0,2.0,0.0,5.0,10.0,0.0,3.0
257,202409,14,2.0,3.0,1.0,4.0,3.0,1.0,3.0,0.0,0.0,0.0,2.0,2.0,3.0,5.0,1.0,4.0,2.0,0.0,2.0,3.0,1.0,2.0,3.0,4.0,1.0,0.0,4.0,0.0,2.0,1.0,0.0,0.0,0.0,0.0
258,202409,15,0.0,3.0,10.0,3.0,1.0,4.0,7.0,1.0,3.0,1.0,2.0,6.0,2.0,3.0,3.0,26.0,1.0,1.0,3.0,14.0,1.0,0.0,0.0,5.0,4.0,0.0,2.0,0.0,0.0,1.0,5.0,3.0,2.0,1.0
259,202409,16,2.0,4.0,6.0,0.0,1.0,1.0,0.0,2.0,6.0,11.0,2.0,7.0,3.0,12.0,0.0,13.0,1.0,2.0,10.0,14.0,3.0,1.0,2.0,2.0,6.0,0.0,4.0,1.0,2.0,1.0,2.0,1.0,0.0,0.0
260,202409,17,5.0,3.0,2.0,1.0,2.0,0.0,3.0,5.0,3.0,4.0,1.0,3.0,3.0,7.0,3.0,8.0,5.0,0.0,3.0,5.0,3.0,0.0,1.0,2.0,2.0,0.0,5.0,1.0,1.0,2.0,0.0,0.0,0.0,0.0
261,202409,18,1.0,2.0,3.0,0.0,0.0,4.0,3.0,0.0,3.0,2.0,1.0,2.0,3.0,8.0,1.0,4.0,2.0,1.0,4.0,4.0,6.0,2.0,7.0,2.0,2.0,0.0,3.0,1.0,0.0,1.0,1.0,1.0,4.0,0.0
262,202409,19,2.0,2.0,6.0,0.0,2.0,8.0,7.0,3.0,0.0,2.0,6.0,2.0,1.0,7.0,3.0,5.0,1.0,2.0,9.0,7.0,3.0,2.0,3.0,2.0,1.0,4.0,2.0,4.0,4.0,2.0,0.0,3.0,2.0,3.0
263,202409,20,4.0,5.0,2.0,1.0,1.0,6.0,9.0,5.0,7.0,1.0,12.0,5.0,9.0,22.0,3.0,5.0,1.0,1.0,12.0,18.0,5.0,1.0,5.0,2.0,1.0,4.0,5.0,1.0,4.0,0.0,1.0,6.0,6.0,2.0
264,202409,21,3.0,4.0,4.0,1.0,0.0,5.0,2.0,0.0,3.0,0.0,3.0,5.0,2.0,9.0,2.0,6.0,1.0,4.0,2.0,6.0,0.0,1.0,1.0,6.0,2.0,0.0,4.0,0.0,0.0,1.0,5.0,2.0,1.0,1.0
265,202409,22,6.0,10.0,10.0,3.0,1.0,4.0,5.0,3.0,8.0,2.0,10.0,2.0,4.0,9.0,3.0,14.0,3.0,0.0,19.0,13.0,0.0,3.0,5.0,6.0,1.0,0.0,2.0,0.0,0.0,0.0,1.0,2.0,2.0,1.0
266,202409,23,3.0,7.0,6.0,1.0,9.0,6.0,9.0,0.0,2.0,16.0,3.0,4.0,3.0,6.0,2.0,4.0,5.0,0.0,19.0,12.0,1.0,3.0,1.0,8.0,7.0,5.0,7.0,0.0,0.0,0.0,6.0,5.0,4.0,0.0
267,202409,24,5.0,5.0,6.0,2.0,3.0,9.0,13.0,8.0,1.0,5.0,3.0,2.0,1.0,14.0,6.0,2.0,3.0,6.0,8.0,9.0,2.0,2.0,6.0,2.0,4.0,1.0,8.0,1.0,0.0,0.0,8.0,2.0,3.0,2.0
268,202409,25,13.0,5.0,5.0,0.0,27.0,9.0,12.0,5.0,1.0,25.0,12.0,20.0,31.0,10.0,5.0,5.0,2.0,2.0,8.0,6.0,2.0,5.0,6.0,4.0,5.0,2.0,9.0,30.0,2.0,7.0,3.0,3.0,0.0,5.0
269,202409,26,58.0,55.0,22.0,19.0,391.0,52.0,35.0,30.0,0.0,29.0,58.0,141.0,193.0,58.0,54.0,32.0,15.0,23.0,32.0,26.0,9.0,34.0,41.0,24.0,90.0,36.0,35.0,221.0,114.0,31.0,11.0,22.0,12.0,37.0
270,202409,27,31.0,41.0,8.0,15.0,193.0,63.0,4.0,31.0,6.0,95.0,27.0,582.0,190.0,54.0,41.0,9.0,7.0,21.0,16.0,26.0,8.0,36.0,79.0,16.0,154.0,19.0,69.0,26.0,50.0,9.0,11.0,16.0,5.0,36.0
271,202409,28,9.0,11.0,2.0,4.0,13.0,4.0,8.0,3.0,2.0,6.0,10.0,113.0,26.0,21.0,9.0,6.0,1.0,2.0,12.0,8.0,2.0,4.0,6.0,3.0,6.0,2.0,10.0,3.0,2.0,1.0,5.0,0.0,2.0,5.0
272,202409,29,9.0,10.0,7.0,7.0,6.0,1.0,2.0,12.0,5.0,7.0,7.0,114.0,21.0,22.0,1.0,11.0,3.0,0.0,17.0,22.0,4.0,3.0,5.0,2.0,4.0,9.0,3.0,4.0,9.0,1.0,1.0,8.0,10.0,11.0
273,202409,30,7.0,6.0,11.0,3.0,6.0,4.0,4.0,4.0,4.0,1.0,9.0,49.0,8.0,9.0,6.0,5.0,0.0,3.0,4.0,6.0,1.0,5.0,5.0,3.0,5.0,2.0,4.0,1.0,1.0,1.0,3.0,2.0,3.0,0.0
274,202410,1,7.0,6.0,10.0,8.0,2.0,4.0,8.0,5.0,2.0,6.0,7.0,22.0,5.0,15.0,2.0,7.0,4.0,3.0,9.0,15.0,6.0,5.0,5.0,2.0,1.0,2.0,2.0,3.0,0.0,0.0,8.0,1.0,3.0,0.0
275,202410,2,4.0,3.0,2.0,3.0,4.0,3.0,1.0,3.0,4.0,3.0,5.0,20.0,3.0,14.0,2.0,5.0,0.0,1.0,9.0,10.0,1.0,1.0,7.0,0.0,4.0,2.0,1.0,1.0,0.0,1.0,8.0,1.0,2.0,0.0
276,202410,3,6.0,8.0,21.0,2.0,4.0,5.0,6.0,4.0,0.0,1.0,7.0,25.0,6.0,12.0,1.0,24.0,0.0,1.0,15.0,48.0,0.0,3.0,8.0,2.0,6.0,4.0,3.0,1.0,3.0,1.0,11.0,21.0,89.0,2.0
277,202410,4,1.0,11.0,6.0,0.0,3.0,1.0,4.0,4.0,7.0,2.0,19.0,17.0,6.0,20.0,4.0,9.0,3.0,0.0,12.0,11.0,4.0,7.0,10.0,3.0,3.0,2.0,1.0,1.0,3.0,5.0,6.0,3.0,7.0,5.0
278,202410,5,3.0,2.0,0.0,1.0,0.0,3.0,4.0,3.0,4.0,1.0,5.0,19.0,4.0,7.0,3.0,17.0,0.0,1.0,11.0,8.0,2.0,0.0,2.0,2.0,8.0,1.0,1.0,0.0,0.0,2.0,9.0,3.0,3.0,0.0
279,202410,6,10.0,3.0,2.0,3.0,3.0,11.0,2.0,1.0,4.0,2.0,2.0,22.0,11.0,13.0,10.0,7.0,1.0,3.0,12.0,4.0,2.0,4.0,9.0,0.0,6.0,0.0,3.0,2.0,6.0,1.0,3.0,7.0,8.0,0.0
280,202410,7,5.0,11.0,13.0,2.0,4.0,5.0,6.0,5.0,2.0,2.0,5.0,22.0,11.0,11.0,10.0,7.0,1.0,2.0,9.0,41.0,7.0,4.0,11.0,1.0,6.0,5.0,0.0,12.0,20.0,6.0,4.0,10.0,64.0,3.0
281,202410,8,42.0,48.0,15.0,9.0,282.0,58.0,19.0,14.0,2.0,26.0,37.0,62.0,66.0,33.0,30.0,32.0,18.0,24.0,20.0,16.0,2.0,25.0,41.0,27.0,43.0,32.0,19.0,52.0,51.0,21.0,2.0,12.0,11.0,24.0
282,202410,9,74.0,81.0,23.0,29.0,341.0,122.0,24.0,56.0,7.0,67.0,72.0,126.0,155.0,80.0,87.0,52.0,29.0,38.0,35.0,27.0,11.0,43.0,79.0,44.0,672.0,65.0,47.0,372.0,167.0,48.0,5.0,11.0,7.0,59.0
283,202410,10,80.0,90.0,18.0,35.0,406.0,163.0,21.0,75.0,2.0,74.0,88.0,121.0,150.0,80.0,126.0,55.0,36.0,55.0,23.0,14.0,18.0,70.0,117.0,55.0,859.0,75.0,47.0,235.0,314.0,52.0,5.0,16.0,6.0,67.0
284,202410,11,21.0,14.0,9.0,15.0,127.0,22.0,4.0,15.0,5.0,10.0,17.0,24.0,34.0,17.0,30.0,16.0,7.0,13.0,10.0,20.0,5.0,13.0,39.0,17.0,192.0,18.0,12.0,38.0,135.0,3.0,12.0,10.0,9.0,7.0
285,202410,12,11.0,13.0,5.0,7.0,3.0,8.0,2.0,2.0,10.0,2.0,8.0,14.0,21.0,16.0,15.0,8.0,4.0,6.0,3.0,5.0,1.0,4.0,13.0,5.0,4.0,4.0,1.0,2.0,62.0,2.0,7.0,2.0,0.0,6.0
286,202410,13,16.0,9.0,12.0,4.0,7.0,8.0,8.0,5.0,3.0,2.0,5.0,15.0,18.0,19.0,7.0,11.0,3.0,3.0,17.0,14.0,2.0,6.0,14.0,1.0,8.0,6.0,8.0,1.0,66.0,3.0,6.0,7.0,2.0,6.0
287,202410,14,6.0,12.0,8.0,2.0,0.0,5.0,2.0,3.0,0.0,3.0,8.0,9.0,13.0,14.0,9.0,9.0,0.0,6.0,2.0,9.0,3.0,4.0,10.0,3.0,3.0,6.0,4.0,2.0,58.0,3.0,3.0,2.0,0.0,3.0
288,202410,15,8.0,8.0,4.0,2.0,3.0,4.0,5.0,3.0,1.0,4.0,13.0,13.0,15.0,8.0,5.0,8.0,4.0,3.0,6.0,5.0,3.0,5.0,4.0,2.0,0.0,5.0,6.0,0.0,44.0,3.0,6.0,1.0,1.0,5.0
289,202410,16,1.0,3.0,3.0,3.0,3.0,38.0,7.0,1.0,6.0,2.0,5.0,7.0,4.0,7.0,3.0,4.0,1.0,1.0,2.0,3.0,2.0,1.0,3.0,3.0,2.0,0.0,5.0,1.0,10.0,0.0,9.0,5.0,1.0,1.0
290,202410,17,5.0,7.0,6.0,3.0,0.0,1.0,1.0,4.0,0.0,1.0,3.0,8.0,1.0,6.0,5.0,5.0,5.0,1.0,11.0,7.0,7.0,5.0,2.0,4.0,7.0,3.0,1.0,1.0,1.0,2.0,11.0,11.0,2.0,1.0
291,202410,18,13.0,11.0,10.0,1.0,2.0,6.0,5.0,1.0,5.0,0.0,2.0,6.0,4.0,7.0,7.0,5.0,4.0,0.0,5.0,11.0,7.0,3.0,1.0,4.0,4.0,2.0,1.0,3.0,4.0,1.0,4.0,9.0,1.0,0.0
292,202410,19,4.0,5.0,1.0,2.0,1.0,2.0,2.0,1.0,6.0,0.0,7.0,4.0,3.0,3.0,2.0,4.0,3.0,0.0,3.0,1.0,2.0,0.0,1.0,2.0,2.0,2.0,1.0,0.0,0.0,1.0,5.0,1.0,0.0,3.0
293,202410,20,2.0,8.0,8.0,1.0,1.0,5.0,13.0,0.0,13.0,0.0,3.0,4.0,5.0,12.0,3.0,5.0,1.0,5.0,4.0,9.0,1.0,4.0,2.0,0.0,2.0,3.0,5.0,3.0,2.0,0.0,2.0,0.0,7.0,0.0
294,202410,21,2.0,7.0,8.0,2.0,0.0,3.0,22.0,2.0,35.0,0.0,4.0,4.0,3.0,12.0,8.0,8.0,0.0,2.0,7.0,9.0,8.0,5.0,3.0,3.0,8.0,2.0,2.0,0.0,0.0,1.0,1.0,5.0,6.0,0.0
295,202410,22,3.0,10.0,5.0,3.0,1.0,1.0,6.0,3.0,11.0,1.0,8.0,1.0,2.0,9.0,3.0,5.0,0.0,1.0,9.0,7.0,4.0,1.0,9.0,2.0,4.0,1.0,5.0,0.0,1.0,1.0,10.0,1.0,2.0,0.0
296,202410,23,0.0,6.0,3.0,0.0,4.0,2.0,6.0,1.0,10.0,3.0,8.0,5.0,4.0,6.0,0.0,5.0,0.0,0.0,8.0,4.0,1.0,0.0,4.0,1.0,4.0,0.0,2.0,1.0,0.0,0.0,10.0,2.0,0.0,1.0
297,202410,24,2.0,5.0,3.0,2.0,10.0,3.0,7.0,4.0,0.0,0.0,8.0,5.0,7.0,8.0,3.0,7.0,9.0,2.0,17.0,12.0,6.0,4.0,13.0,4.0,3.0,1.0,3.0,2.0,4.0,1.0,4.0,3.0,3.0,0.0
298,202410,25,1.0,5.0,13.0,1.0,3.0,3.0,5.0,4.0,3.0,1.0,7.0,3.0,2.0,15.0,3.0,10.0,4.0,0.0,7.0,24.0,2.0,0.0,11.0,3.0,6.0,0.0,3.0,4.0,6.0,1.0,15.0,13.0,15.0,3.0
299,202410,26,3.0,3.0,10.0,1.0,3.0,3.0,2.0,0.0,0.0,0.0,6.0,1.0,2.0,9.0,3.0,1.0,1.0,0.0,2.0,6.0,0.0,6.0,8.0,1.0,1.0,0.0,5.0,0.0,6.0,2.0,4.0,1.0,1.0,0.0
300,202410,27,5.0,7.0,2.0,0.0,6.0,1.0,5.0,1.0,3.0,1.0,4.0,6.0,0.0,2.0,1.0,5.0,2.0,1.0,4.0,8.0,0.0,3.0,9.0,1.0,2.0,1.0,2.0,2.0,5.0,0.0,1.0,1.0,0.0,0.0
301,202410,28,4.0,6.0,6.0,3.0,3.0,3.0,9.0,2.0,8.0,0.0,5.0,6.0,1.0,7.0,2.0,10.0,1.0,4.0,6.0,16.0,1.0,0.0,5.0,2.0,4.0,2.0,2.0,1.0,4.0,2.0,5.0,0.0,5.0,1.0
302,202410,29,0.0,7.0,3.0,2.0,2.0,1.0,3.0,6.0,7.0,0.0,9.0,2.0,2.0,6.0,1.0,25.0,6.0,1.0,14.0,3.0,2.0,8.0,10.0,3.0,3.0,0.0,1.0,2.0,1.0,0.0,2.0,3.0,0.0,7.0
303,202410,30,2.0,5.0,7.0,4.0,4.0,2.0,5.0,5.0,14.0,0.0,6.0,1.0,5.0,5.0,5.0,11.0,0.0,2.0,8.0,9.0,1.0,5.0,2.0,3.0,5.0,0.0,3.0,1.0,3.0,1.0,9.0,1.0,2.0,0.0
304,202410,31,7.0,8.0,4.0,2.0,4.0,2.0,3.0,3.0,16.0,2.0,31.0,7.0,5.0,3.0,0.0,8.0,4.0,0.0,5.0,11.0,2.0,19.0,6.0,4.0,5.0,0.0,3.0,0.0,1.0,3.0,12.0,1.0,2.0,1.0
305,202411,1,10.0,11.0,11.0,1.0,5.0,2.0,16.0,3.0,8.0,1.0,6.0,4.0,2.0,12.0,9.0,9.0,1.0,1.0,6.0,16.0,7.0,25.0,7.0,3.0,6.0,1.0,3.0,6.0,8.0,2.0,6.0,3.0,1.0,0.0
306,202411,2,0.0,10.0,6.0,3.0,3.0,2.0,10.0,1.0,4.0,1.0,4.0,2.0,2.0,4.0,5.0,4.0,1.0,2.0,8.0,6.0,1.0,1.0,8.0,3.0,2.0,0.0,2.0,1.0,7.0,1.0,7.0,1.0,3.0,0.0
307,202411,3,1.0,57.0,9.0,6.0,0.0,3.0,6.0,2.0,0.0,2.0,5.0,2.0,4.0,10.0,2.0,17.0,3.0,1.0,6.0,10.0,8.0,7.0,5.0,9.0,3.0,1.0,2.0,0.0,2.0,1.0,4.0,8.0,3.0,2.0
308,202411,4,2.0,461.0,47.0,4.0,6.0,0.0,10.0,3.0,3.0,0.0,57.0,7.0,3.0,19.0,6.0,24.0,36.0,7.0,17.0,7.0,6.0,24.0,12.0,32.0,10.0,3.0,2.0,7.0,8.0,3.0,4.0,9.0,5.0,4.0
309,202411,5,6.0,53.0,16.0,3.0,9.0,5.0,12.0,1.0,3.0,6.0,39.0,3.0,6.0,18.0,7.0,25.0,31.0,5.0,15.0,24.0,7.0,15.0,11.0,20.0,15.0,1.0,4.0,2.0,6.0,2.0,0.0,0.0,3.0,4.0
310,202411,6,1.0,3.0,11.0,4.0,3.0,0.0,6.0,1.0,1.0,1.0,4.0,1.0,3.0,4.0,3.0,53.0,2.0,2.0,4.0,6.0,5.0,4.0,6.0,6.0,2.0,1.0,2.0,0.0,0.0,0.0,3.0,2.0,1.0,0.0
311,202411,7,28.0,14.0,21.0,2.0,0.0,7.0,1.0,0.0,1.0,2.0,5.0,3.0,0.0,4.0,5.0,24.0,3.0,1.0,10.0,8.0,0.0,9.0,11.0,0.0,3.0,0.0,4.0,0.0,0.0,1.0,1.0,13.0,3.0,2.0
312,202411,8,12.0,382.0,86.0,55.0,9.0,5.0,17.0,8.0,6.0,10.0,42.0,9.0,20.0,34.0,7.0,586.0,22.0,17.0,37.0,27.0,57.0,30.0,11.0,55.0,11.0,5.0,9.0,6.0,6.0,1.0,2.0,26.0,17.0,5.0
313,202411,9,0.0,12.0,6.0,14.0,0.0,5.0,4.0,1.0,4.0,3.0,1.0,5.0,3.0,16.0,4.0,96.0,0.0,0.0,4.0,4.0,12.0,7.0,6.0,11.0,5.0,1.0,3.0,1.0,0.0,1.0,5.0,6.0,3.0,1.0
314,202411,10,3.0,3.0,0.0,1.0,0.0,1.0,5.0,0.0,1.0,1.0,3.0,0.0,2.0,6.0,1.0,5.0,2.0,3.0,1.0,7.0,3.0,3.0,1.0,2.0,6.0,1.0,3.0,0.0,0.0,2.0,6.0,3.0,2.0,1.0
315,202411,11,5.0,3.0,4.0,5.0,0.0,1.0,13.0,2.0,3.0,0.0,2.0,1.0,2.0,6.0,5.0,7.0,5.0,0.0,4.0,12.0,1.0,1.0,3.0,1.0,2.0,1.0,1.0,2.0,0.0,0.0,7.0,0.0,2.0,1.0
316,202411,12,8.0,2.0,4.0,2.0,2.0,3.0,6.0,1.0,4.0,0.0,3.0,4.0,1.0,7.0,4.0,5.0,0.0,0.0,8.0,7.0,5.0,10.0,6.0,0.0,1.0,1.0,1.0,1.0,0.0,1.0,5.0,2.0,1.0,0.0
317,202411,13,11.0,3.0,3.0,3.0,2.0,1.0,1.0,1.0,12.0,1.0,5.0,5.0,4.0,5.0,4.0,7.0,1.0,1.0,4.0,8.0,3.0,6.0,4.0,1.0,2.0,0.0,3.0,1.0,2.0,0.0,1.0,2.0,0.0,0.0
318,202411,14,3.0,1.0,3.0,2.0,0.0,2.0,3.0,1.0,5.0,2.0,2.0,1.0,1.0,6.0,5.0,3.0,2.0,0.0,5.0,6.0,0.0,3.0,7.0,1.0,2.0,1.0,5.0,5.0,0.0,1.0,2.0,6.0,2.0,2.0
319,202411,15,43.0,4.0,2.0,6.0,1.0,5.0,0.0,4.0,3.0,5.0,3.0,2.0,2.0,12.0,13.0,11.0,2.0,2.0,3.0,9.0,1.0,5.0,6.0,5.0,6.0,0.0,7.0,2.0,0.0,0.0,1.0,0.0,3.0,2.0
320,202411,16,15.0,6.0,1.0,4.0,2.0,2.0,1.0,0.0,6.0,1.0,4.0,2.0,2.0,4.0,2.0,3.0,0.0,0.0,1.0,2.0,4.0,2.0,4.0,2.0,4.0,1.0,1.0,2.0,0.0,0.0,8.0,0.0,0.0,0.0
321,202411,17,6.0,7.0,8.0,0.0,1.0,2.0,8.0,2.0,4.0,0.0,7.0,2.0,3.0,4.0,5.0,3.0,2.0,0.0,9.0,12.0,4.0,6.0,4.0,3.0,4.0,1.0,10.0,0.0,1.0,0.0,5.0,1.0,2.0,0.0
322,202411,18,4.0,104.0,8.0,0.0,0.0,5.0,4.0,0.0,1.0,1.0,15.0,10.0,3.0,12.0,2.0,7.0,9.0,1.0,7.0,9.0,5.0,11.0,6.0,6.0,4.0,0.0,4.0,2.0,2.0,1.0,3.0,7.0,0.0,2.0
323,202411,19,3.0,4.0,5.0,3.0,1.0,1.0,41.0,3.0,19.0,3.0,1.0,3.0,8.0,7.0,3.0,30.0,0.0,0.0,12.0,13.0,12.0,11.0,2.0,2.0,5.0,0.0,1.0,1.0,1.0,1.0,7.0,1.0,2.0,3.0
324,202411,20,2.0,9.0,8.0,12.0,0.0,3.0,24.0,1.0,16.0,3.0,2.0,2.0,4.0,7.0,5.0,17.0,4.0,0.0,31.0,114.0,7.0,5.0,1.0,5.0,5.0,2.0,2.0,2.0,0.0,1.0,4.0,1.0,8.0,0.0
325,202411,21,12.0,9.0,17.0,31.0,3.0,1.0,26.0,0.0,1.0,3.0,8.0,9.0,6.0,169.0,20.0,17.0,5.0,43.0,33.0,145.0,11.0,25.0,6.0,11.0,9.0,2.0,7.0,6.0,0.0,2.0,8.0,6.0,17.0,5.0
326,202411,22,17.0,3.0,9.0,4.0,1.0,5.0,26.0,0.0,2.0,15.0,9.0,4.0,4.0,17.0,24.0,9.0,2.0,3.0,23.0,122.0,8.0,2.0,9.0,5.0,6.0,1.0,13.0,3.0,0.0,0.0,6.0,6.0,12.0,1.0
327,202411,23,18.0,3.0,7.0,3.0,4.0,1.0,8.0,1.0,11.0,1.0,8.0,1.0,0.0,10.0,3.0,2.0,1.0,2.0,6.0,8.0,3.0,7.0,4.0,2.0,3.0,1.0,3.0,1.0,3.0,0.0,0.0,7.0,1.0,0.0
328,202411,24,7.0,11.0,8.0,5.0,4.0,5.0,6.0,3.0,9.0,4.0,2.0,6.0,9.0,10.0,6.0,17.0,3.0,0.0,13.0,9.0,3.0,13.0,1.0,2.0,4.0,6.0,9.0,1.0,0.0,1.0,7.0,5.0,1.0,1.0
329,202411,25,11.0,6.0,4.0,3.0,0.0,2.0,11.0,2.0,8.0,0.0,5.0,1.0,3.0,4.0,8.0,7.0,2.0,0.0,6.0,47.0,7.0,5.0,3.0,0.0,4.0,1.0,4.0,2.0,0.0,2.0,2.0,5.0,4.0,0.0
330,202411,26,4.0,6.0,1.0,3.0,5.0,3.0,13.0,4.0,7.0,0.0,7.0,3.0,5.0,7.0,4.0,52.0,2.0,2.0,22.0,12.0,1.0,16.0,6.0,1.0,3.0,1.0,4.0,2.0,1.0,0.0,5.0,2.0,2.0,0.0
331,202411,27,12.0,4.0,4.0,3.0,1.0,6.0,12.0,4.0,1.0,1.0,4.0,1.0,4.0,3.0,2.0,17.0,4.0,0.0,17.0,11.0,2.0,19.0,12.0,6.0,1.0,1.0,2.0,3.0,2.0,0.0,5.0,9.0,11.0,3.0
332,202411,28,1.0,1.0,2.0,2.0,0.0,0.0,5.0,1.0,1.0,1.0,1.0,0.0,1.0,2.0,4.0,3.0,0.0,0.0,2.0,7.0,1.0,3.0,3.0,1.0,0.0,1.0,3.0,0.0,0.0,2.0,3.0,2.0,0.0,0.0
333,202411,29,4.0,3.0,3.0,0.0,1.0,5.0,23.0,5.0,2.0,0.0,4.0,12.0,1.0,6.0,8.0,3.0,1.0,1.0,9.0,2.0,2.0,5.0,21.0,1.0,0.0,1.0,0.0,0.0,1.0,0.0,2.0,1.0,5.0,0.0
334,202411,30,3.0,4.0,3.0,3.0,0.0,6.0,32.0,3.0,2.0,3.0,4.0,6.0,0.0,8.0,7.0,1.0,4.0,1.0,5.0,5.0,2.0,2.0,2.0,2.0,2.0,1.0,2.0,1.0,3.0,0.0,0.0,7.0,1.0,0.0
335,202412,1,6.0,4.0,11.0,8.0,0.0,11.0,51.0,3.0,7.0,3.0,11.0,14.0,4.0,26.0,11.0,19.0,0.0,1.0,9.0,23.0,5.0,12.0,2.0,4.0,1.0,5.0,3.0,8.0,2.0,1.0,1.0,9.0,4.0,1.0
336,202412,2,6.0,3.0,15.0,32.0,4.0,2.0,79.0,0.0,9.0,4.0,8.0,3.0,2.0,20.0,16.0,1.0,0.0,1.0,18.0,16.0,7.0,9.0,3.0,1.0,5.0,2.0,7.0,2.0,4.0,0.0,7.0,7.0,4.0,1.0
337,202412,3,2.0,8.0,6.0,2.0,3.0,5.0,63.0,0.0,4.0,0.0,5.0,6.0,2.0,9.0,6.0,6.0,0.0,0.0,18.0,17.0,17.0,4.0,6.0,2.0,7.0,1.0,3.0,4.0,0.0,0.0,4.0,2.0,5.0,5.0
338,202412,4,8.0,14.0,6.0,19.0,2.0,5.0,72.0,2.0,5.0,5.0,7.0,3.0,2.0,20.0,10.0,16.0,5.0,4.0,25.0,16.0,24.0,8.0,7.0,2.0,0.0,0.0,4.0,1.0,2.0,0.0,0.0,0.0,4.0,0.0
339,202412,5,58.0,6.0,8.0,10.0,1.0,14.0,42.0,3.0,16.0,12.0,6.0,5.0,5.0,24.0,39.0,16.0,2.0,3.0,27.0,7.0,6.0,11.0,12.0,3.0,10.0,2.0,9.0,12.0,1.0,4.0,2.0,9.0,2.0,5.0
340,202412,6,6.0,8.0,6.0,1.0,2.0,2.0,12.0,5.0,2.0,1.0,5.0,3.0,8.0,7.0,3.0,8.0,1.0,3.0,13.0,17.0,4.0,5.0,9.0,1.0,7.0,2.0,2.0,3.0,5.0,1.0,2.0,7.0,16.0,3.0
341,202412,7,19.0,6.0,4.0,5.0,0.0,4.0,5.0,1.0,8.0,0.0,7.0,1.0,0.0,6.0,5.0,5.0,2.0,0.0,3.0,7.0,3.0,5.0,5.0,0.0,3.0,1.0,4.0,0.0,0.0,1.0,2.0,0.0,0.0,0.0
342,202412,8,0.0,3.0,2.0,7.0,1.0,1.0,7.0,0.0,7.0,4.0,6.0,3.0,6.0,10.0,4.0,6.0,3.0,0.0,9.0,3.0,1.0,4.0,5.0,5.0,6.0,0.0,3.0,2.0,0.0,3.0,2.0,5.0,3.0,0.0
343,202412,9,4.0,5.0,3.0,3.0,0.0,8.0,16.0,0.0,20.0,2.0,8.0,3.0,3.0,5.0,4.0,49.0,1.0,1.0,4.0,4.0,0.0,7.0,0.0,3.0,0.0,0.0,3.0,2.0,1.0,0.0,10.0,2.0,0.0,1.0
344,202412,10,9.0,4.0,3.0,1.0,4.0,21.0,21.0,8.0,2.0,17.0,4.0,16.0,11.0,4.0,5.0,2.0,0.0,0.0,8.0,5.0,1.0,16.0,5.0,3.0,5.0,2.0,30.0,3.0,1.0,3.0,1.0,1.0,0.0,3.0
345,202412,11,31.0,4.0,2.0,4.0,7.0,80.0,9.0,9.0,6.0,114.0,8.0,13.0,14.0,12.0,29.0,8.0,1.0,9.0,5.0,5.0,0.0,26.0,19.0,9.0,26.0,7.0,11.0,7.0,14.0,46.0,0.0,3.0,1.0,25.0
346,202412,12,1.0,9.0,3.0,6.0,5.0,10.0,5.0,3.0,13.0,3.0,5.0,9.0,6.0,17.0,12.0,7.0,0.0,3.0,6.0,4.0,10.0,12.0,3.0,4.0,0.0,0.0,2.0,1.0,1.0,0.0,2.0,3.0,5.0,1.0
347,202412,13,4.0,11.0,8.0,12.0,1.0,0.0,11.0,2.0,13.0,3.0,3.0,4.0,3.0,16.0,3.0,3.0,1.0,3.0,7.0,38.0,5.0,7.0,7.0,3.0,1.0,0.0,0.0,0.0,1.0,5.0,2.0,4.0,2.0,3.0
348,202412,14,2.0,10.0,2.0,18.0,1.0,5.0,7.0,2.0,8.0,4.0,1.0,4.0,1.0,57.0,1.0,6.0,1.0,4.0,6.0,7.0,2.0,3.0,1.0,2.0,1.0,1.0,2.0,0.0,3.0,0.0,4.0,2.0,1.0,0.0
349,202412,15,2.0,12.0,9.0,46.0,2.0,9.0,5.0,3.0,0.0,2.0,6.0,2.0,3.0,116.0,25.0,7.0,2.0,28.0,15.0,10.0,4.0,4.0,3.0,13.0,2.0,2.0,11.0,1.0,10.0,1.0,5.0,7.0,2.0,2.0
350,202412,16,9.0,219.0,14.0,17.0,1.0,10.0,11.0,5.0,3.0,38.0,18.0,19.0,9.0,39.0,14.0,9.0,12.0,9.0,10.0,20.0,20.0,17.0,12.0,17.0,2.0,1.0,24.0,3.0,6.0,3.0,16.0,4.0,5.0,0.0
351,202412,17,3.0,19.0,11.0,9.0,0.0,10.0,8.0,5.0,3.0,12.0,23.0,17.0,7.0,15.0,8.0,10.0,7.0,1.0,9.0,17.0,7.0,15.0,7.0,7.0,14.0,3.0,7.0,9.0,6.0,2.0,2.0,2.0,1.0,2.0
352,202412,18,3.0,12.0,17.0,8.0,2.0,4.0,19.0,4.0,5.0,0.0,11.0,2.0,5.0,11.0,8.0,14.0,4.0,0.0,21.0,58.0,6.0,8.0,7.0,4.0,9.0,4.0,3.0,4.0,4.0,1.0,3.0,11.0,60.0,1.0
353,202412,19,9.0,11.0,22.0,17.0,1.0,2.0,20.0,0.0,2.0,2.0,11.0,9.0,7.0,49.0,10.0,13.0,3.0,5.0,34.0,55.0,10.0,11.0,5.0,1.0,3.0,5.0,2.0,54.0,2.0,0.0,7.0,29.0,68.0,4.0
354,202412,20,17.0,19.0,28.0,9.0,7.0,144.0,30.0,20.0,2.0,16.0,24.0,11.0,16.0,39.0,16.0,24.0,11.0,14.0,49.0,73.0,12.0,14.0,11.0,10.0,15.0,7.0,15.0,19.0,11.0,20.0,10.0,25.0,164.0,24.0
355,202412,21,4.0,5.0,16.0,1.0,8.0,99.0,13.0,6.0,3.0,10.0,15.0,16.0,7.0,22.0,24.0,19.0,1.0,3.0,32.0,39.0,8.0,5.0,10.0,3.0,12.0,3.0,5.0,19.0,27.0,15.0,5.0,7.0,55.0,21.0
356,202412,22,3.0,6.0,6.0,2.0,0.0,12.0,6.0,2.0,1.0,3.0,3.0,3.0,0.0,11.0,15.0,6.0,0.0,1.0,14.0,30.0,3.0,9.0,4.0,3.0,3.0,2.0,11.0,4.0,3.0,6.0,11.0,1.0,7.0,2.0
357,202412,23,1.0,2.0,3.0,8.0,0.0,6.0,2.0,1.0,5.0,1.0,6.0,0.0,2.0,6.0,4.0,8.0,0.0,2.0,6.0,9.0,6.0,1.0,7.0,2.0,3.0,1.0,4.0,5.0,0.0,0.0,9.0,4.0,2.0,1.0
358,202412,24,8.0,230.0,13.0,7.0,3.0,9.0,6.0,4.0,6.0,6.0,11.0,8.0,5.0,13.0,11.0,15.0,18.0,3.0,31.0,6.0,10.0,30.0,24.0,24.0,12.0,0.0,11.0,6.0,6.0,2.0,8.0,3.0,5.0,0.0
359,202412,25,2.0,52.0,11.0,7.0,2.0,3.0,12.0,2.0,1.0,5.0,3.0,3.0,10.0,9.0,6.0,40.0,5.0,0.0,4.0,8.0,6.0,9.0,7.0,4.0,14.0,3.0,5.0,6.0,4.0,0.0,5.0,2.0,0.0,2.0
360,202412,26,10.0,536.0,59.0,52.0,14.0,8.0,13.0,7.0,2.0,8.0,105.0,18.0,24.0,137.0,14.0,87.0,29.0,5.0,37.0,42.0,29.0,51.0,20.0,37.0,30.0,4.0,10.0,16.0,16.0,2.0,3.0,13.0,19.0,7.0
361,202412,27,6.0,18.0,16.0,33.0,19.0,9.0,7.0,2.0,4.0,1.0,22.0,6.0,6.0,47.0,8.0,50.0,6.0,4.0,12.0,8.0,19.0,11.0,17.0,11.0,4.0,0.0,8.0,8.0,2.0,0.0,3.0,7.0,6.0,0.0
362,202412,28,14.0,173.0,12.0,17.0,32.0,7.0,10.0,6.0,2.0,3.0,280.0,21.0,54.0,19.0,5.0,41.0,22.0,7.0,18.0,11.0,8.0,35.0,10.0,30.0,19.0,4.0,30.0,12.0,22.0,0.0,1.0,3.0,4.0,2.0
363,202412,29,28.0,71.0,17.0,45.0,25.0,21.0,17.0,15.0,4.0,9.0,101.0,55.0,19.0,50.0,17.0,33.0,15.0,12.0,24.0,30.0,13.0,40.0,17.0,19.0,54.0,12.0,29.0,44.0,28.0,2.0,3.0,2.0,10.0,0.0
364,202412,30,5.0,18.0,8.0,25.0,5.0,8.0,5.0,3.0,5.0,0.0,7.0,8.0,4.0,19.0,9.0,42.0,3.0,4.0,18.0,18.0,5.0,11.0,10.0,7.0,10.0,2.0,3.0,7.0,17.0,1.0,5.0,6.0,1.0,0.0
365,202412,31,8.0,5.0,1.0,2.0,1.0,6.0,6.0,7.0,2.0,0.0,6.0,2.0,3.0,16.0,6.0,7.0,5.0,5.0,9.0,16.0,3.0,7.0,11.0,4.0,4.0,1.0,4.0,27.0,18.0,0.0,1.0,1.0,2.0,0.0
366,202501,1,3.0,7.0,2.0,1.0,3.0,6.0,10.0,5.0,6.0,4.0,5.0,2.0,3.0,11.0,8.0,19.0,0.0,2.0,4.0,7.0,5.0,2.0,0.0,5.0,2.0,0.0,9.0,7.0,6.0,0.0,2.0,1.0,4.0,0.0
367,202501,2,4.0,21.0,15.0,6.0,1.0,5.0,20.0,3.0,3.0,0.0,19.0,5.0,10.0,14.0,6.0,18.0,4.0,3.0,46.0,38.0,11.0,13.0,11.0,2.0,2.0,1.0,5.0,0.0,2.0,2.0,0.0,28.0,44.0,2.0
368,202501,3,4.0,9.0,17.0,6.0,4.0,5.0,15.0,1.0,2.0,4.0,11.0,1.0,2.0,18.0,5.0,25.0,0.0,1.0,49.0,41.0,7.0,1.0,0.0,4.0,3.0,0.0,9.0,0.0,2.0,2.0,7.0,11.0,59.0,2.0
369,202501,4,10.0,38.0,11.0,13.0,5.0,14.0,17.0,5.0,3.0,2.0,24.0,4.0,8.0,37.0,12.0,135.0,3.0,6.0,20.0,17.0,19.0,5.0,9.0,86.0,12.0,6.0,6.0,13.0,6.0,0.0,3.0,6.0,3.0,8.0
370,202501,5,29.0,434.0,58.0,68.0,36.0,49.0,26.0,39.0,8.0,63.0,226.0,109.0,97.0,215.0,51.0,135.0,47.0,34.0,47.0,42.0,35.0,47.0,311.0,604.0,62.0,22.0,66.0,56.0,40.0,23.0,0.0,39.0,15.0,52.0
371,202501,6,54.0,136.0,42.0,74.0,54.0,201.0,43.0,76.0,14.0,699.0,80.0,109.0,111.0,312.0,133.0,64.0,30.0,66.0,44.0,46.0,18.0,95.0,410.0,389.0,125.0,245.0,321.0,70.0,66.0,33.0,7.0,27.0,9.0,70.0
372,202501,7,17.0,27.0,28.0,16.0,25.0,88.0,29.0,16.0,9.0,142.0,31.0,18.0,31.0,46.0,48.0,59.0,14.0,27.0,68.0,38.0,18.0,38.0,181.0,84.0,39.0,114.0,33.0,13.0,21.0,8.0,8.0,21.0,6.0,12.0
373,202501,8,8.0,38.0,30.0,9.0,7.0,19.0,13.0,8.0,5.0,8.0,9.0,20.0,16.0,22.0,19.0,26.0,3.0,1.0,119.0,49.0,19.0,11.0,51.0,10.0,12.0,1.0,9.0,7.0,4.0,4.0,3.0,23.0,10.0,12.0
374,202501,9,26.0,1734.0,129.0,61.0,40.0,39.0,71.0,23.0,8.0,44.0,164.0,48.0,83.0,87.0,44.0,128.0,103.0,43.0,109.0,62.0,83.0,117.0,78.0,126.0,61.0,17.0,22.0,34.0,25.0,8.0,12.0,55.0,31.0,49.0
375,202501,10,82.0,622.0,106.0,60.0,115.0,111.0,60.0,65.0,2.0,191.0,170.0,763.0,1430.0,188.0,121.0,93.0,78.0,60.0,73.0,45.0,46.0,546.0,150.0,116.0,172.0,33.0,125.0,112.0,111.0,47.0,21.0,45.0,23.0,106.0
376,202501,11,12.0,31.0,15.0,39.0,28.0,54.0,23.0,12.0,4.0,84.0,28.0,220.0,272.0,40.0,69.0,38.0,16.0,12.0,23.0,15.0,28.0,140.0,55.0,29.0,66.0,8.0,77.0,23.0,29.0,10.0,2.0,4.0,8.0,11.0
377,202501,12,1.0,4.0,0.0,11.0,4.0,5.0,23.0,2.0,72.0,10.0,8.0,11.0,17.0,8.0,16.0,11.0,0.0,1.0,7.0,3.0,8.0,10.0,5.0,5.0,0.0,2.0,5.0,4.0,2.0,1.0,1.0,0.0,0.0,0.0
378,202501,13,3.0,4.0,2.0,5.0,3.0,4.0,13.0,1.0,11.0,3.0,6.0,0.0,3.0,5.0,7.0,14.0,1.0,0.0,6.0,5.0,6.0,9.0,3.0,5.0,3.0,0.0,2.0,4.0,3.0,1.0,7.0,0.0,2.0,4.0
379,202501,14,4.0,8.0,0.0,4.0,1.0,2.0,8.0,0.0,2.0,2.0,7.0,1.0,1.0,2.0,4.0,4.0,1.0,0.0,1.0,1.0,5.0,3.0,7.0,2.0,6.0,0.0,0.0,1.0,1.0,1.0,8.0,2.0,1.0,1.0
380,202501,15,5.0,11.0,0.0,5.0,0.0,3.0,22.0,4.0,7.0,0.0,2.0,1.0,2.0,7.0,4.0,2.0,0.0,2.0,1.0,1.0,5.0,2.0,5.0,8.0,1.0,1.0,1.0,2.0,0.0,0.0,0.0,1.0,3.0,0.0
381,202501,16,7.0,3.0,4.0,0.0,0.0,9.0,19.0,1.0,6.0,1.0,2.0,0.0,4.0,6.0,8.0,9.0,0.0,5.0,11.0,8.0,10.0,4.0,1.0,2.0,6.0,0.0,3.0,0.0,5.0,0.0,4.0,1.0,0.0,0.0
382,202501,17,2.0,0.0,0.0,0.0,2.0,1.0,7.0,0.0,10.0,1.0,1.0,1.0,3.0,2.0,6.0,7.0,0.0,0.0,10.0,3.0,4.0,1.0,2.0,1.0,0.0,0.0,3.0,1.0,0.0,0.0,7.0,4.0,1.0,0.0
383,202501,18,1.0,2.0,0.0,1.0,0.0,0.0,6.0,0.0,8.0,0.0,1.0,1.0,0.0,2.0,5.0,11.0,1.0,0.0,4.0,3.0,0.0,5.0,2.0,0.0,0.0,0.0,3.0,0.0,2.0,0.0,3.0,0.0,1.0,2.0
384,202501,19,229.0,23.0,4.0,23.0,27.0,186.0,10.0,63.0,1.0,198.0,26.0,74.0,36.0,60.0,110.0,19.0,4.0,19.0,21.0,10.0,7.0,48.0,91.0,26.0,93.0,19.0,151.0,48.0,84.0,121.0,3.0,8.0,7.0,220.0
385,202501,20,41.0,76.0,27.0,33.0,14.0,122.0,24.0,26.0,1.0,29.0,145.0,24.0,37.0,51.0,25.0,54.0,19.0,15.0,38.0,22.0,6.0,26.0,17.0,21.0,12.0,11.0,8.0,11.0,9.0,14.0,3.0,26.0,14.0,51.0
386,202501,21,40.0,363.0,61.0,45.0,120.0,26.0,21.0,21.0,5.0,91.0,1203.0,155.0,392.0,69.0,47.0,72.0,189.0,30.0,61.0,26.0,14.0,121.0,44.0,58.0,114.0,24.0,45.0,74.0,38.0,19.0,6.0,31.0,13.0,58.0
387,202501,22,47.0,201.0,42.0,26.0,183.0,27.0,14.0,27.0,2.0,148.0,823.0,235.0,427.0,53.0,43.0,46.0,47.0,22.0,33.0,11.0,9.0,104.0,44.0,53.0,387.0,27.0,54.0,55.0,42.0,21.0,1.0,9.0,3.0,46.0
388,202501,23,18.0,52.0,3.0,11.0,112.0,10.0,8.0,18.0,7.0,36.0,265.0,63.0,51.0,22.0,21.0,14.0,1.0,3.0,8.0,4.0,5.0,25.0,10.0,2.0,230.0,9.0,14.0,50.0,16.0,17.0,4.0,5.0,5.0,20.0
389,202501,24,4.0,6.0,0.0,3.0,25.0,9.0,5.0,11.0,7.0,11.0,11.0,18.0,5.0,10.0,1.0,4.0,2.0,0.0,8.0,3.0,3.0,10.0,10.0,1.0,62.0,1.0,5.0,9.0,4.0,5.0,8.0,1.0,0.0,1.0
390,202501,25,1.0,2.0,1.0,3.0,2.0,0.0,3.0,0.0,6.0,0.0,2.0,0.0,1.0,5.0,3.0,10.0,0.0,1.0,5.0,6.0,0.0,4.0,1.0,4.0,6.0,0.0,0.0,6.0,1.0,0.0,2.0,0.0,2.0,0.0
391,202501,26,0.0,2.0,2.0,1.0,1.0,1.0,3.0,2.0,2.0,0.0,7.0,0.0,3.0,4.0,1.0,9.0,3.0,2.0,5.0,3.0,0.0,12.0,2.0,2.0,2.0,4.0,1.0,1.0,2.0,2.0,4.0,1.0,0.0,0.0
392,202501,27,3.0,2.0,2.0,4.0,0.0,1.0,0.0,0.0,1.0,2.0,6.0,4.0,1.0,6.0,14.0,7.0,0.0,2.0,6.0,6.0,3.0,7.0,5.0,1.0,0.0,0.0,2.0,2.0,1.0,0.0,1.0,1.0,2.0,0.0
393,202501,28,1.0,0.0,2.0,3.0,3.0,1.0,3.0,1.0,6.0,0.0,4.0,4.0,3.0,8.0,7.0,4.0,0.0,0.0,2.0,2.0,4.0,5.0,5.0,1.0,0.0,0.0,5.0,2.0,2.0,0.0,5.0,1.0,4.0,0.0
394,202501,29,2.0,79.0,4.0,1.0,1.0,7.0,20.0,4.0,0.0,86.0,10.0,11.0,4.0,10.0,9.0,9.0,5.0,5.0,7.0,5.0,3.0,11.0,3.0,4.0,7.0,4.0,26.0,10.0,7.0,4.0,0.0,2.0,2.0,6.0
395,202501,30,11.0,178.0,19.0,15.0,16.0,101.0,22.0,12.0,12.0,521.0,41.0,55.0,35.0,34.0,50.0,18.0,8.0,2.0,13.0,16.0,8.0,48.0,55.0,30.0,42.0,9.0,21.0,20.0,14.0,6.0,218.0,4.0,2.0,10.0
396,202501,31,4.0,20.0,3.0,9.0,11.0,48.0,20.0,10.0,15.0,116.0,9.0,44.0,20.0,15.0,33.0,7.0,1.0,6.0,16.0,9.0,10.0,19.0,25.0,10.0,14.0,1.0,7.0,3.0,5.0,1.0,44.0,3.0,2.0,2.0
397,202502,1,1.0,14.0,1.0,9.0,3.0,16.0,9.0,11.0,18.0,31.0,7.0,33.0,12.0,5.0,11.0,4.0,0.0,2.0,3.0,15.0,7.0,18.0,10.0,9.0,17.0,0.0,4.0,0.0,3.0,0.0,2.0,1.0,2.0,3.0
398,202502,2,5.0,7.0,11.0,3.0,2.0,9.0,83.0,3.0,4.0,18.0,5.0,16.0,4.0,11.0,15.0,40.0,2.0,6.0,57.0,104.0,32.0,13.0,3.0,6.0,9.0,3.0,4.0,1.0,1.0,0.0,1.0,22.0,13.0,1.0
399,202502,3,3.0,8.0,16.0,14.0,4.0,13.0,127.0,4.0,15.0,19.0,3.0,10.0,5.0,11.0,8.0,42.0,2.0,4.0,83.0,143.0,38.0,7.0,5.0,3.0,12.0,2.0,5.0,1.0,0.0,2.0,4.0,20.0,26.0,2.0
400,202502,4,2.0,4.0,5.0,2.0,1.0,10.0,45.0,5.0,23.0,10.0,7.0,2.0,3.0,7.0,5.0,2.0,1.0,0.0,8.0,40.0,7.0,6.0,10.0,1.0,5.0,1.0,4.0,4.0,0.0,1.0,4.0,3.0,4.0,1.0
401,202502,5,5.0,18.0,8.0,10.0,3.0,20.0,43.0,5.0,5.0,17.0,9.0,15.0,11.0,33.0,9.0,20.0,2.0,0.0,16.0,5.0,8.0,11.0,10.0,9.0,7.0,0.0,5.0,7.0,9.0,5.0,1.0,5.0,2.0,5.0
402,202502,6,47.0,31.0,6.0,10.0,7.0,93.0,27.0,135.0,5.0,146.0,12.0,26.0,14.0,31.0,76.0,18.0,5.0,9.0,25.0,73.0,11.0,25.0,32.0,10.0,31.0,18.0,59.0,9.0,12.0,38.0,0.0,2.0,11.0,75.0
403,202502,7,3.0,11.0,6.0,6.0,2.0,5.0,12.0,5.0,1.0,5.0,8.0,2.0,3.0,6.0,10.0,19.0,2.0,0.0,17.0,8.0,27.0,7.0,3.0,5.0,1.0,0.0,3.0,1.0,1.0,2.0,1.0,3.0,10.0,0.0
404,202502,8,59.0,24.0,13.0,8.0,13.0,40.0,10.0,51.0,9.0,77.0,5.0,37.0,7.0,42.0,40.0,10.0,0.0,0.0,27.0,13.0,6.0,6.0,24.0,6.0,46.0,2.0,25.0,49.0,45.0,68.0,2.0,6.0,7.0,12.0
405,202502,9,55.0,13.0,7.0,3.0,3.0,200.0,3.0,32.0,12.0,31.0,5.0,8.0,3.0,14.0,18.0,11.0,4.0,1.0,13.0,6.0,3.0,15.0,7.0,0.0,14.0,7.0,10.0,5.0,16.0,56.0,1.0,10.0,1.0,50.0
406,202502,10,2.0,9.0,4.0,1.0,1.0,5.0,6.0,3.0,8.0,6.0,12.0,8.0,2.0,9.0,15.0,13.0,1.0,0.0,5.0,10.0,1.0,8.0,0.0,0.0,1.0,0.0,5.0,0.0,0.0,0.0,3.0,0.0,5.0,2.0
407,202502,11,12.0,25.0,5.0,6.0,4.0,58.0,0.0,11.0,4.0,218.0,23.0,32.0,33.0,29.0,20.0,28.0,1.0,3.0,5.0,12.0,1.0,23.0,31.0,9.0,20.0,7.0,55.0,14.0,9.0,12.0,4.0,1.0,6.0,16.0
408,202502,12,11.0,38.0,13.0,27.0,6.0,51.0,1.0,12.0,6.0,192.0,26.0,34.0,24.0,192.0,51.0,21.0,3.0,57.0,9.0,7.0,0.0,41.0,42.0,57.0,21.0,14.0,36.0,7.0,4.0,4.0,5.0,1.0,1.0,21.0
409,202502,13,15.0,27.0,31.0,4.0,6.0,31.0,120.0,12.0,4.0,69.0,19.0,31.0,19.0,36.0,53.0,25.0,5.0,13.0,95.0,148.0,35.0,28.0,21.0,19.0,16.0,8.0,6.0,16.0,17.0,4.0,4.0,150.0,39.0,4.0
410,202502,14,3.0,13.0,11.0,5.0,5.0,32.0,60.0,2.0,4.0,80.0,12.0,18.0,10.0,41.0,20.0,48.0,7.0,2.0,6.0,16.0,11.0,15.0,23.0,13.0,13.0,5.0,2.0,4.0,9.0,3.0,8.0,6.0,6.0,1.0
411,202502,15,10.0,36.0,10.0,12.0,11.0,39.0,12.0,14.0,2.0,64.0,13.0,45.0,19.0,41.0,19.0,150.0,5.0,13.0,15.0,8.0,12.0,18.0,5.0,9.0,34.0,5.0,18.0,14.0,11.0,19.0,5.0,4.0,3.0,2.0
412,202502,16,116.0,78.0,14.0,21.0,46.0,386.0,10.0,119.0,0.0,280.0,49.0,203.0,66.0,110.0,186.0,68.0,12.0,18.0,12.0,19.0,6.0,70.0,108.0,31.0,148.0,44.0,124.0,111.0,87.0,105.0,3.0,9.0,5.0,231.0
413,202502,17,48.0,44.0,12.0,44.0,21.0,174.0,12.0,51.0,19.0,135.0,19.0,67.0,34.0,66.0,70.0,108.0,6.0,13.0,13.0,14.0,9.0,40.0,44.0,30.0,69.0,7.0,63.0,32.0,29.0,48.0,2.0,3.0,4.0,105.0
414,202502,18,5.0,279.0,31.0,33.0,4.0,29.0,13.0,5.0,10.0,37.0,37.0,40.0,26.0,56.0,15.0,104.0,8.0,15.0,9.0,7.0,16.0,60.0,18.0,104.0,19.0,1.0,11.0,7.0,6.0,8.0,5.0,12.0,0.0,22.0
415,202502,19,25.0,169.0,23.0,25.0,19.0,41.0,13.0,36.0,3.0,152.0,38.0,275.0,49.0,46.0,31.0,35.0,18.0,22.0,18.0,28.0,19.0,221.0,45.0,88.0,40.0,3.0,73.0,30.0,23.0,19.0,3.0,5.0,4.0,40.0
416,202502,20,15.0,28.0,10.0,10.0,21.0,28.0,8.0,20.0,6.0,155.0,9.0,272.0,27.0,13.0,35.0,31.0,5.0,11.0,16.0,9.0,3.0,131.0,29.0,37.0,39.0,2.0,68.0,5.0,13.0,4.0,8.0,5.0,2.0,16.0
417,202502,21,2.0,6.0,2.0,3.0,7.0,23.0,6.0,8.0,0.0,36.0,10.0,17.0,8.0,13.0,8.0,11.0,4.0,9.0,4.0,6.0,1.0,25.0,13.0,5.0,4.0,0.0,4.0,3.0,5.0,2.0,1.0,1.0,0.0,1.0
418,202502,22,2.0,10.0,2.0,4.0,1.0,6.0,8.0,4.0,3.0,21.0,2.0,5.0,5.0,4.0,3.0,2.0,2.0,1.0,9.0,5.0,2.0,6.0,8.0,3.0,14.0,1.0,1.0,1.0,1.0,2.0,7.0,2.0,0.0,0.0
419,202502,23,0.0,5.0,1.0,3.0,1.0,2.0,3.0,0.0,2.0,9.0,8.0,10.0,5.0,8.0,2.0,7.0,1.0,2.0,11.0,7.0,6.0,12.0,4.0,6.0,1.0,0.0,7.0,2.0,1.0,0.0,9.0,5.0,1.0,0.0
420,202502,24,2.0,34.0,8.0,0.0,3.0,14.0,9.0,6.0,3.0,19.0,5.0,12.0,4.0,4.0,3.0,11.0,5.0,1.0,13.0,6.0,3.0,13.0,11.0,11.0,10.0,0.0,1.0,6.0,7.0,1.0,4.0,4.0,1.0,1.0
421,202502,25,4.0,11.0,6.0,3.0,3.0,12.0,12.0,6.0,1.0,11.0,9.0,6.0,6.0,2.0,2.0,6.0,0.0,3.0,7.0,10.0,6.0,10.0,8.0,1.0,5.0,0.0,0.0,2.0,4.0,1.0,3.0,1.0,1.0,1.0
422,202502,26,3.0,14.0,5.0,1.0,3.0,6.0,4.0,7.0,3.0,5.0,5.0,8.0,1.0,7.0,6.0,8.0,0.0,1.0,3.0,4.0,2.0,11.0,7.0,1.0,3.0,0.0,3.0,3.0,4.0,0.0,5.0,1.0,2.0,0.0
423,202502,27,3.0,1.0,2.0,4.0,1.0,5.0,6.0,10.0,2.0,17.0,7.0,13.0,7.0,9.0,7.0,2.0,0.0,0.0,6.0,5.0,2.0,14.0,6.0,4.0,6.0,1.0,6.0,5.0,7.0,2.0,0.0,4.0,1.0,5.0
424,202502,28,2.0,1.0,2.0,3.0,3.0,8.0,2.0,1.0,2.0,14.0,3.0,0.0,2.0,7.0,6.0,2.0,2.0,0.0,3.0,2.0,1.0,4.0,7.0,4.0,4.0,0.0,4.0,0.0,4.0,0.0,0.0,2.0,0.0,3.0
425,202503,1,2.0,5.0,4.0,3.0,0.0,7.0,12.0,0.0,0.0,0.0,2.0,1.0,0.0,7.0,2.0,6.0,1.0,0.0,7.0,3.0,2.0,4.0,4.0,5.0,8.0,0.0,4.0,4.0,0.0,0.0,4.0,2.0,1.0,0.0
426,202503,2,2.0,22.0,2.0,2.0,0.0,5.0,0.0,8.0,0.0,15.0,6.0,1.0,4.0,5.0,10.0,10.0,2.0,1.0,8.0,2.0,3.0,7.0,4.0,2.0,8.0,0.0,5.0,0.0,4.0,4.0,3.0,1.0,0.0,0.0
427,202503,3,7.0,23.0,8.0,0.0,7.0,15.0,6.0,0.0,5.0,2.0,5.0,3.0,2.0,10.0,15.0,47.0,4.0,4.0,5.0,3.0,6.0,4.0,5.0,5.0,14.0,48.0,2.0,3.0,4.0,0.0,11.0,3.0,0.0,0.0
428,202503,4,1.0,804.0,66.0,39.0,14.0,9.0,13.0,7.0,8.0,18.0,100.0,41.0,35.0,38.0,10.0,68.0,80.0,21.0,27.0,16.0,17.0,57.0,20.0,48.0,37.0,4.0,10.0,16.0,5.0,3.0,1.0,12.0,11.0,16.0
429,202503,5,47.0,75.0,27.0,210.0,14.0,57.0,7.0,38.0,8.0,174.0,42.0,180.0,37.0,122.0,48.0,32.0,16.0,11.0,15.0,24.0,7.0,45.0,48.0,100.0,75.0,7.0,45.0,15.0,13.0,46.0,1.0,14.0,1.0,67.0
430,202503,6,6.0,15.0,54.0,21.0,2.0,16.0,6.0,3.0,3.0,11.0,13.0,6.0,1.0,15.0,6.0,62.0,8.0,0.0,23.0,8.0,12.0,13.0,1.0,5.0,4.0,0.0,5.0,4.0,3.0,0.0,5.0,10.0,30.0,8.0
431,202503,7,4.0,11.0,33.0,2.0,3.0,13.0,11.0,1.0,4.0,9.0,9.0,5.0,3.0,13.0,3.0,30.0,1.0,3.0,7.0,19.0,4.0,7.0,3.0,6.0,3.0,0.0,6.0,1.0,3.0,2.0,3.0,8.0,12.0,1.0
432,202503,8,2.0,86.0,6.0,0.0,1.0,2.0,3.0,4.0,3.0,5.0,14.0,0.0,7.0,10.0,5.0,16.0,9.0,6.0,6.0,5.0,1.0,19.0,7.0,13.0,4.0,0.0,11.0,6.0,2.0,0.0,2.0,3.0,1.0,0.0
433,202503,9,15.0,28.0,10.0,5.0,8.0,6.0,8.0,3.0,1.0,0.0,17.0,0.0,5.0,12.0,6.0,12.0,0.0,2.0,10.0,5.0,4.0,15.0,3.0,5.0,6.0,2.0,5.0,4.0,2.0,1.0,5.0,2.0,3.0,2.0
434,202503,10,2.0,13.0,14.0,1.0,4.0,2.0,2.0,2.0,6.0,0.0,1.0,12.0,3.0,9.0,6.0,7.0,5.0,0.0,5.0,3.0,1.0,3.0,6.0,3.0,11.0,2.0,2.0,6.0,4.0,3.0,2.0,2.0,2.0,2.0
435,202503,11,0.0,6.0,3.0,4.0,3.0,7.0,5.0,4.0,0.0,25.0,1.0,5.0,5.0,1.0,8.0,7.0,5.0,5.0,7.0,9.0,2.0,8.0,6.0,1.0,5.0,1.0,0.0,1.0,0.0,0.0,1.0,4.0,2.0,0.0
436,202503,12,3.0,14.0,10.0,0.0,3.0,3.0,7.0,1.0,0.0,2.0,2.0,7.0,2.0,9.0,3.0,7.0,2.0,0.0,18.0,33.0,3.0,7.0,2.0,6.0,6.0,0.0,4.0,1.0,1.0,0.0,1.0,1.0,0.0,0.0
437,202503,13,4.0,21.0,16.0,7.0,0.0,4.0,10.0,1.0,6.0,2.0,4.0,11.0,2.0,6.0,5.0,10.0,0.0,1.0,47.0,29.0,4.0,10.0,5.0,4.0,10.0,0.0,3.0,5.0,5.0,0.0,4.0,12.0,5.0,1.0
438,202503,14,6.0,524.0,53.0,24.0,15.0,10.0,4.0,5.0,1.0,17.0,48.0,23.0,19.0,62.0,17.0,72.0,20.0,11.0,26.0,25.0,13.0,34.0,25.0,60.0,18.0,3.0,6.0,7.0,12.0,1.0,4.0,20.0,13.0,5.0
439,202503,15,47.0,38.0,8.0,23.0,14.0,10.0,4.0,5.0,4.0,19.0,59.0,42.0,80.0,89.0,15.0,35.0,0.0,5.0,11.0,12.0,5.0,58.0,34.0,16.0,8.0,0.0,20.0,7.0,3.0,0.0,20.0,4.0,2.0,0.0
440,202503,16,31.0,62.0,18.0,17.0,115.0,67.0,35.0,43.0,2.0,83.0,72.0,131.0,103.0,45.0,60.0,33.0,21.0,26.0,24.0,114.0,13.0,46.0,58.0,23.0,166.0,35.0,50.0,97.0,106.0,43.0,6.0,33.0,12.0,31.0
441,202503,17,10.0,26.0,23.0,18.0,37.0,43.0,15.0,12.0,7.0,26.0,32.0,22.0,27.0,27.0,29.0,26.0,7.0,12.0,24.0,29.0,8.0,22.0,28.0,4.0,28.0,3.0,8.0,21.0,11.0,14.0,2.0,26.0,10.0,23.0
442,202503,18,1.0,33.0,66.0,2.0,1.0,2.0,2.0,3.0,4.0,8.0,27.0,5.0,6.0,14.0,3.0,119.0,3.0,0.0,19.0,17.0,4.0,9.0,3.0,7.0,2.0,0.0,2.0,1.0,5.0,1.0,6.0,7.0,7.0,0.0
443,202503,19,4.0,110.0,33.0,213.0,7.0,17.0,4.0,8.0,1.0,20.0,26.0,16.0,11.0,182.0,34.0,50.0,6.0,49.0,11.0,11.0,5.0,32.0,15.0,50.0,15.0,8.0,8.0,7.0,6.0,0.0,2.0,7.0,3.0,13.0
444,202503,20,9.0,2.0,9.0,28.0,1.0,16.0,14.0,2.0,9.0,7.0,6.0,4.0,7.0,13.0,9.0,14.0,0.0,11.0,16.0,18.0,3.0,10.0,7.0,5.0,3.0,1.0,7.0,4.0,10.0,1.0,1.0,7.0,4.0,5.0
445,202503,21,4.0,3.0,9.0,1.0,0.0,11.0,9.0,2.0,3.0,4.0,5.0,1.0,2.0,5.0,1.0,12.0,1.0,7.0,3.0,7.0,5.0,11.0,8.0,7.0,2.0,3.0,1.0,4.0,2.0,3.0,5.0,4.0,2.0,2.0
446,202503,22,2.0,2.0,6.0,3.0,1.0,4.0,10.0,1.0,3.0,0.0,3.0,4.0,2.0,5.0,5.0,8.0,0.0,1.0,9.0,11.0,1.0,2.0,0.0,4.0,5.0,1.0,6.0,4.0,0.0,0.0,4.0,0.0,5.0,1.0
447,202503,23,1.0,3.0,12.0,17.0,3.0,4.0,5.0,7.0,0.0,4.0,3.0,1.0,1.0,24.0,8.0,9.0,2.0,5.0,5.0,9.0,5.0,6.0,8.0,3.0,5.0,0.0,2.0,1.0,3.0,0.0,6.0,0.0,2.0,0.0
448,202503,24,3.0,8.0,1.0,6.0,2.0,9.0,5.0,6.0,7.0,6.0,4.0,9.0,3.0,19.0,9.0,3.0,1.0,2.0,9.0,7.0,5.0,5.0,6.0,3.0,5.0,0.0,4.0,3.0,2.0,0.0,19.0,1.0,3.0,2.0
449,202503,25,3.0,10.0,7.0,2.0,2.0,3.0,4.0,3.0,8.0,7.0,7.0,2.0,3.0,4.0,4.0,4.0,1.0,1.0,3.0,2.0,0.0,6.0,2.0,3.0,2.0,0.0,2.0,0.0,0.0,0.0,5.0,1.0,4.0,0.0
450,202503,26,1.0,1.0,11.0,1.0,3.0,2.0,14.0,2.0,6.0,3.0,1.0,2.0,7.0,7.0,6.0,5.0,3.0,0.0,11.0,24.0,3.0,5.0,3.0,1.0,4.0,0.0,2.0,2.0,1.0,2.0,11.0,2.0,2.0,1.0
451,202503,27,2.0,30.0,4.0,3.0,2.0,2.0,4.0,0.0,2.0,1.0,38.0,0.0,6.0,9.0,2.0,4.0,13.0,2.0,7.0,9.0,2.0,8.0,2.0,3.0,2.0,0.0,8.0,1.0,0.0,0.0,20.0,0.0,2.0,2.0
452,202503,28,6.0,57.0,3.0,14.0,3.0,5.0,5.0,1.0,2.0,8.0,31.0,0.0,2.0,28.0,10.0,8.0,8.0,1.0,5.0,9.0,2.0,6.0,12.0,7.0,9.0,2.0,2.0,1.0,3.0,3.0,13.0,9.0,5.0,1.0
453,202503,29,3.0,44.0,3.0,18.0,0.0,0.0,1.0,1.0,5.0,0.0,15.0,1.0,5.0,11.0,11.0,17.0,2.0,3.0,2.0,8.0,1.0,4.0,3.0,6.0,2.0,0.0,4.0,3.0,3.0,1.0,13.0,0.0,2.0,0.0
454,202503,30,14.0,154.0,16.0,33.0,53.0,50.0,7.0,13.0,5.0,36.0,35.0,35.0,34.0,115.0,43.0,25.0,18.0,16.0,21.0,32.0,4.0,50.0,32.0,15.0,49.0,5.0,19.0,124.0,67.0,9.0,11.0,13.0,8.0,11.0
455,202503,31,61.0,68.0,13.0,18.0,106.0,116.0,12.0,75.0,5.0,125.0,39.0,149.0,140.0,40.0,98.0,67.0,13.0,23.0,22.0,29.0,4.0,39.0,66.0,22.0,138.0,46.0,30.0,79.0,94.0,76.0,11.0,16.0,17.0,102.0
456,202504,1,26.0,27.0,21.0,20.0,31.0,52.0,8.0,17.0,11.0,33.0,19.0,24.0,44.0,30.0,43.0,72.0,9.0,13.0,20.0,6.0,7.0,27.0,20.0,20.0,50.0,17.0,17.0,20.0,12.0,20.0,4.0,7.0,5.0,45.0
457,202504,2,31.0,179.0,32.0,71.0,30.0,34.0,18.0,16.0,9.0,53.0,33.0,51.0,37.0,716.0,108.0,25.0,23.0,69.0,39.0,27.0,12.0,67.0,68.0,52.0,40.0,19.0,26.0,32.0,12.0,8.0,10.0,9.0,7.0,41.0
458,202504,3,16.0,200.0,34.0,54.0,25.0,43.0,12.0,25.0,2.0,57.0,41.0,71.0,42.0,132.0,75.0,62.0,30.0,22.0,33.0,28.0,12.0,261.0,220.0,45.0,38.0,6.0,18.0,33.0,18.0,5.0,9.0,13.0,14.0,8.0
459,202504,4,10.0,87.0,8.0,12.0,5.0,7.0,3.0,10.0,4.0,6.0,21.0,12.0,9.0,23.0,18.0,35.0,4.0,1.0,6.0,7.0,4.0,37.0,42.0,26.0,13.0,1.0,7.0,18.0,6.0,2.0,13.0,10.0,9.0,7.0
460,202504,5,10.0,414.0,44.0,17.0,25.0,6.0,9.0,15.0,4.0,13.0,90.0,27.0,16.0,26.0,21.0,20.0,38.0,12.0,12.0,18.0,4.0,75.0,29.0,29.0,25.0,8.0,11.0,18.0,9.0,3.0,9.0,7.0,3.0,5.0
461,202504,6,7.0,17.0,29.0,2.0,32.0,13.0,9.0,5.0,5.0,17.0,46.0,38.0,233.0,14.0,13.0,11.0,13.0,10.0,18.0,11.0,4.0,35.0,23.0,9.0,27.0,3.0,8.0,20.0,12.0,1.0,11.0,6.0,8.0,9.0
462,202504,7,22.0,10.0,8.0,10.0,12.0,17.0,7.0,9.0,9.0,26.0,11.0,28.0,34.0,16.0,8.0,7.0,5.0,10.0,6.0,10.0,6.0,23.0,14.0,4.0,32.0,4.0,7.0,16.0,17.0,6.0,16.0,5.0,7.0,2.0
463,202504,8,4.0,7.0,3.0,1.0,13.0,12.0,7.0,9.0,5.0,13.0,11.0,11.0,7.0,21.0,3.0,6.0,11.0,4.0,14.0,11.0,4.0,18.0,11.0,2.0,20.0,0.0,12.0,75.0,8.0,3.0,14.0,2.0,5.0,6.0
464,202504,9,4.0,4.0,6.0,3.0,4.0,5.0,4.0,4.0,8.0,3.0,4.0,0.0,2.0,10.0,3.0,2.0,2.0,4.0,9.0,2.0,6.0,7.0,11.0,0.0,6.0,0.0,7.0,5.0,5.0,2.0,15.0,2.0,0.0,2.0
465,202504,10,1.0,7.0,9.0,0.0,0.0,4.0,8.0,1.0,3.0,3.0,6.0,5.0,70.0,8.0,8.0,6.0,1.0,0.0,14.0,20.0,2.0,2.0,11.0,5.0,3.0,2.0,3.0,4.0,1.0,0.0,5.0,8.0,13.0,4.0
466,202504,11,2.0,6.0,10.0,3.0,14.0,8.0,4.0,5.0,13.0,22.0,11.0,5.0,53.0,7.0,10.0,7.0,2.0,1.0,9.0,9.0,1.0,9.0,11.0,8.0,12.0,4.0,4.0,4.0,10.0,3.0,21.0,8.0,11.0,3.0
467,202504,12,3.0,2.0,0.0,2.0,1.0,15.0,2.0,1.0,1.0,0.0,9.0,8.0,6.0,10.0,5.0,4.0,3.0,2.0,3.0,6.0,1.0,4.0,6.0,0.0,4.0,0.0,2.0,6.0,3.0,0.0,7.0,4.0,0.0,0.0
468,202504,13,1.0,12.0,2.0,3.0,2.0,9.0,2.0,9.0,4.0,5.0,2.0,2.0,3.0,7.0,6.0,11.0,3.0,2.0,3.0,2.0,4.0,8.0,8.0,3.0,6.0,0.0,1.0,4.0,1.0,3.0,1.0,0.0,1.0,4.0
469,202504,14,1.0,11.0,3.0,1.0,0.0,7.0,7.0,5.0,0.0,12.0,4.0,4.0,7.0,7.0,3.0,1.0,1.0,3.0,12.0,8.0,4.0,1.0,4.0,4.0,8.0,2.0,2.0,1.0,2.0,1.0,0.0,3.0,3.0,6.0
470,202504,15,10.0,5.0,8.0,4.0,2.0,6.0,6.0,8.0,4.0,14.0,7.0,5.0,8.0,3.0,11.0,9.0,0.0,1.0,11.0,11.0,3.0,15.0,8.0,3.0,6.0,1.0,4.0,3.0,2.0,2.0,1.0,5.0,1.0,0.0
471,202504,16,3.0,7.0,2.0,7.0,3.0,4.0,4.0,1.0,4.0,4.0,4.0,3.0,2.0,8.0,9.0,12.0,2.0,5.0,5.0,5.0,0.0,6.0,9.0,2.0,3.0,0.0,3.0,3.0,0.0,3.0,1.0,5.0,2.0,0.0
472,202504,17,14.0,6.0,13.0,4.0,3.0,1.0,6.0,5.0,15.0,0.0,2.0,0.0,2.0,11.0,3.0,8.0,1.0,2.0,11.0,13.0,2.0,8.0,6.0,4.0,4.0,0.0,2.0,3.0,3.0,1.0,9.0,4.0,1.0,2.0
473,202504,18,18.0,13.0,33.0,21.0,1.0,2.0,9.0,2.0,5.0,2.0,9.0,6.0,4.0,19.0,10.0,198.0,8.0,3.0,10.0,11.0,8.0,8.0,11.0,23.0,3.0,0.0,3.0,1.0,4.0,0.0,2.0,3.0,5.0,0.0
474,202504,19,5.0,68.0,3.0,9.0,4.0,2.0,1.0,6.0,2.0,1.0,23.0,2.0,8.0,7.0,2.0,9.0,3.0,2.0,6.0,13.0,2.0,12.0,5.0,10.0,2.0,3.0,3.0,4.0,1.0,1.0,0.0,3.0,3.0,0.0
475,202504,20,74.0,23.0,9.0,14.0,1.0,9.0,6.0,2.0,0.0,15.0,11.0,5.0,7.0,23.0,7.0,7.0,6.0,4.0,1.0,7.0,1.0,12.0,13.0,6.0,10.0,0.0,10.0,1.0,0.0,0.0,4.0,4.0,3.0,0.0
476,202504,21,37.0,8.0,7.0,10.0,3.0,8.0,2.0,2.0,7.0,6.0,28.0,2.0,10.0,12.0,5.0,7.0,4.0,9.0,4.0,8.0,5.0,4.0,15.0,5.0,10.0,3.0,2.0,3.0,0.0,1.0,7.0,4.0,2.0,2.0
477,202504,22,6.0,7.0,3.0,2.0,1.0,4.0,1.0,2.0,4.0,0.0,5.0,2.0,1.0,22.0,2.0,5.0,1.0,3.0,2.0,2.0,2.0,17.0,9.0,6.0,2.0,0.0,4.0,3.0,2.0,1.0,5.0,3.0,0.0,0.0
478,202504,23,3.0,13.0,2.0,1.0,5.0,0.0,5.0,0.0,2.0,1.0,13.0,0.0,2.0,9.0,3.0,7.0,1.0,3.0,1.0,7.0,4.0,13.0,1.0,5.0,4.0,0.0,3.0,0.0,1.0,1.0,4.0,3.0,1.0,1.0
479,202504,24,11.0,388.0,30.0,10.0,11.0,5.0,13.0,6.0,7.0,13.0,51.0,4.0,13.0,21.0,9.0,70.0,29.0,6.0,26.0,21.0,8.0,28.0,12.0,38.0,7.0,0.0,5.0,3.0,7.0,0.0,6.0,18.0,17.0,8.0
480,202504,25,10.0,7.0,12.0,2.0,2.0,2.0,4.0,2.0,1.0,1.0,8.0,3.0,4.0,10.0,10.0,43.0,5.0,3.0,16.0,15.0,8.0,10.0,2.0,3.0,4.0,2.0,6.0,3.0,1.0,1.0,3.0,3.0,0.0,0.0
481,202504,26,45.0,8.0,2.0,0.0,3.0,12.0,0.0,2.0,4.0,6.0,8.0,1.0,6.0,8.0,15.0,10.0,0.0,0.0,4.0,4.0,2.0,4.0,6.0,0.0,8.0,0.0,6.0,5.0,3.0,11.0,3.0,1.0,4.0,3.0
482,202504,27,31.0,8.0,6.0,5.0,3.0,6.0,2.0,0.0,2.0,7.0,5.0,0.0,3.0,17.0,10.0,11.0,0.0,1.0,5.0,16.0,3.0,13.0,8.0,1.0,1.0,0.0,8.0,2.0,4.0,3.0,9.0,1.0,1.0,1.0
483,202504,28,120.0,8.0,6.0,6.0,6.0,17.0,0.0,1.0,1.0,8.0,9.0,5.0,12.0,36.0,15.0,10.0,5.0,2.0,8.0,9.0,2.0,7.0,14.0,2.0,18.0,0.0,14.0,9.0,10.0,2.0,3.0,6.0,3.0,3.0
484,202504,29,22.0,10.0,9.0,6.0,5.0,3.0,5.0,3.0,1.0,1.0,3.0,7.0,3.0,11.0,1.0,13.0,1.0,2.0,5.0,5.0,5.0,10.0,5.0,7.0,8.0,2.0,2.0,3.0,8.0,0.0,0.0,5.0,0.0,2.0
485,202504,30,31.0,775.0,80.0,25.0,19.0,14.0,14.0,8.0,1.0,26.0,76.0,17.0,33.0,29.0,12.0,33.0,56.0,14.0,41.0,23.0,12.0,46.0,36.0,59.0,21.0,7.0,9.0,12.0,14.0,2.0,3.0,20.0,20.0,17.0
486,202505,1,187.0,65.0,16.0,9.0,7.0,25.0,9.0,2.0,4.0,19.0,19.0,14.0,8.0,31.0,23.0,16.0,13.0,7.0,19.0,24.0,3.0,22.0,18.0,15.0,34.0,5.0,25.0,9.0,9.0,1.0,10.0,5.0,8.0,2.0
487,202505,2,37.0,350.0,34.0,15.0,26.0,12.0,10.0,3.0,1.0,21.0,353.0,18.0,56.0,17.0,14.0,25.0,54.0,9.0,23.0,13.0,4.0,85.0,24.0,40.0,25.0,4.0,19.0,9.0,7.0,2.0,8.0,20.0,20.0,8.0
488,202505,3,82.0,31.0,11.0,6.0,9.0,24.0,7.0,21.0,4.0,21.0,51.0,78.0,31.0,18.0,14.0,9.0,16.0,10.0,12.0,19.0,3.0,34.0,25.0,12.0,26.0,6.0,32.0,2.0,8.0,5.0,4.0,4.0,7.0,3.0
489,202505,4,131.0,8.0,23.0,6.0,10.0,28.0,0.0,5.0,1.0,21.0,19.0,26.0,12.0,34.0,16.0,8.0,5.0,5.0,5.0,12.0,1.0,16.0,34.0,11.0,31.0,5.0,18.0,27.0,15.0,14.0,4.0,17.0,6.0,6.0
490,202505,5,149.0,110.0,17.0,7.0,11.0,52.0,4.0,26.0,0.0,129.0,27.0,51.0,16.0,26.0,35.0,22.0,16.0,9.0,18.0,18.0,1.0,29.0,42.0,18.0,43.0,7.0,73.0,23.0,8.0,22.0,0.0,16.0,8.0,99.0
491,202505,6,124.0,667.0,44.0,21.0,28.0,55.0,6.0,21.0,7.0,55.0,137.0,37.0,26.0,32.0,42.0,44.0,59.0,14.0,19.0,24.0,17.0,70.0,47.0,51.0,48.0,8.0,26.0,18.0,18.0,37.0,1.0,17.0,8.0,57.0
492,202505,7,77.0,29.0,15.0,4.0,5.0,12.0,5.0,6.0,3.0,8.0,34.0,6.0,9.0,19.0,15.0,21.0,10.0,9.0,13.0,8.0,2.0,21.0,14.0,9.0,10.0,0.0,5.0,2.0,4.0,0.0,1.0,2.0,2.0,8.0
493,202505,8,40.0,14.0,5.0,8.0,2.0,16.0,8.0,6.0,3.0,36.0,11.0,193.0,15.0,15.0,13.0,8.0,2.0,10.0,5.0,4.0,3.0,31.0,17.0,5.0,33.0,2.0,23.0,4.0,1.0,0.0,6.0,7.0,2.0,5.0
494,202505,9,127.0,16.0,3.0,11.0,12.0,23.0,5.0,9.0,2.0,28.0,14.0,84.0,13.0,22.0,17.0,7.0,7.0,6.0,18.0,11.0,0.0,21.0,31.0,9.0,49.0,2.0,17.0,6.0,14.0,2.0,4.0,4.0,4.0,2.0
495,202505,10,30.0,3.0,8.0,1.0,1.0,12.0,4.0,1.0,2.0,7.0,3.0,3.0,3.0,8.0,8.0,5.0,1.0,3.0,5.0,2.0,0.0,8.0,13.0,4.0,13.0,1.0,6.0,1.0,1.0,1.0,6.0,3.0,0.0,1.0
496,202505,11,34.0,10.0,8.0,3.0,3.0,3.0,4.0,0.0,0.0,1.0,7.0,19.0,5.0,10.0,6.0,17.0,0.0,1.0,8.0,12.0,2.0,18.0,8.0,3.0,16.0,1.0,3.0,2.0,5.0,0.0,3.0,3.0,6.0,1.0
497,202505,12,39.0,7.0,3.0,0.0,9.0,10.0,11.0,7.0,2.0,12.0,8.0,20.0,7.0,11.0,11.0,8.0,4.0,2.0,11.0,31.0,6.0,11.0,10.0,8.0,12.0,0.0,8.0,56.0,1.0,3.0,1.0,4.0,7.0,4.0
498,202505,13,33.0,8.0,9.0,3.0,0.0,6.0,4.0,3.0,2.0,14.0,1.0,7.0,6.0,4.0,7.0,2.0,5.0,6.0,16.0,4.0,7.0,13.0,14.0,3.0,3.0,0.0,6.0,2.0,3.0,0.0,0.0,6.0,2.0,1.0
499,202505,14,65.0,14.0,4.0,7.0,2.0,21.0,3.0,3.0,7.0,39.0,9.0,16.0,7.0,10.0,23.0,44.0,3.0,4.0,7.0,6.0,4.0,12.0,19.0,10.0,20.0,1.0,16.0,9.0,8.0,16.0,0.0,4.0,3.0,78.0
500,202505,15,90.0,19.0,10.0,36.0,2.0,39.0,13.0,8.0,1.0,34.0,11.0,20.0,13.0,128.0,37.0,18.0,0.0,14.0,6.0,9.0,6.0,23.0,21.0,12.0,23.0,0.0,14.0,3.0,12.0,22.0,3.0,1.0,6.0,26.0
501,202505,16,123.0,67.0,12.0,30.0,12.0,107.0,8.0,206.0,3.0,214.0,29.0,103.0,81.0,134.0,80.0,18.0,15.0,21.0,16.0,16.0,2.0,67.0,77.0,38.0,109.0,19.0,70.0,23.0,26.0,83.0,0.0,17.0,9.0,214.0
502,202505,17,48.0,297.0,22.0,37.0,35.0,72.0,19.0,75.0,1.0,124.0,52.0,81.0,89.0,54.0,45.0,16.0,19.0,16.0,29.0,13.0,20.0,62.0,70.0,35.0,79.0,6.0,33.0,7.0,16.0,29.0,7.0,12.0,10.0,33.0
503,202505,18,8.0,190.0,10.0,15.0,10.0,26.0,3.0,11.0,0.0,16.0,24.0,31.0,40.0,17.0,17.0,66.0,10.0,5.0,10.0,11.0,3.0,41.0,13.0,14.0,18.0,1.0,8.0,3.0,6.0,13.0,2.0,6.0,4.0,9.0
504,202505,19,7.0,75.0,11.0,13.0,4.0,4.0,13.0,0.0,7.0,7.0,25.0,1.0,6.0,12.0,8.0,24.0,14.0,11.0,13.0,20.0,5.0,19.0,11.0,52.0,10.0,2.0,4.0,2.0,2.0,0.0,2.0,16.0,8.0,3.0
505,202505,20,8.0,11.0,9.0,12.0,6.0,17.0,12.0,4.0,2.0,12.0,9.0,15.0,7.0,85.0,9.0,7.0,3.0,5.0,11.0,10.0,0.0,76.0,6.0,31.0,13.0,2.0,10.0,4.0,3.0,3.0,1.0,9.0,2.0,5.0
506,202505,21,10.0,1.0,7.0,4.0,4.0,1.0,4.0,1.0,1.0,4.0,6.0,7.0,9.0,14.0,10.0,13.0,3.0,8.0,7.0,11.0,0.0,15.0,9.0,1.0,9.0,2.0,5.0,0.0,1.0,2.0,4.0,0.0,4.0,2.0
507,202505,22,25.0,33.0,8.0,4.0,1.0,12.0,8.0,16.0,6.0,9.0,15.0,6.0,5.0,10.0,11.0,17.0,6.0,10.0,8.0,10.0,8.0,15.0,14.0,4.0,17.0,5.0,6.0,22.0,6.0,6.0,11.0,17.0,2.0,3.0
508,202505,23,4.0,8.0,3.0,2.0,2.0,8.0,4.0,7.0,5.0,6.0,21.0,6.0,1.0,7.0,4.0,4.0,4.0,5.0,5.0,18.0,7.0,5.0,8.0,1.0,7.0,1.0,4.0,0.0,1.0,7.0,5.0,5.0,3.0,1.0
509,202505,24,10.0,14.0,5.0,7.0,1.0,7.0,10.0,0.0,6.0,1.0,14.0,1.0,2.0,5.0,4.0,114.0,1.0,1.0,4.0,5.0,11.0,4.0,3.0,9.0,3.0,0.0,4.0,1.0,2.0,2.0,2.0,6.0,8.0,1.0
510,202505,25,1.0,27.0,12.0,7.0,1.0,3.0,9.0,5.0,1.0,4.0,6.0,4.0,6.0,6.0,2.0,30.0,3.0,2.0,10.0,15.0,1.0,10.0,4.0,10.0,8.0,0.0,5.0,0.0,0.0,0.0,3.0,1.0,8.0,0.0
511,202505,26,2.0,298.0,36.0,7.0,8.0,4.0,16.0,4.0,9.0,2.0,108.0,7.0,16.0,15.0,3.0,165.0,39.0,6.0,22.0,28.0,11.0,15.0,10.0,20.0,4.0,9.0,3.0,3.0,2.0,4.0,5.0,9.0,7.0,3.0
512,202505,27,5.0,46.0,21.0,11.0,4.0,4.0,22.0,6.0,14.0,3.0,29.0,10.0,19.0,17.0,6.0,81.0,22.0,2.0,13.0,20.0,17.0,7.0,6.0,12.0,25.0,3.0,3.0,5.0,7.0,2.0,2.0,10.0,3.0,2.0
513,202505,28,2.0,19.0,13.0,3.0,2.0,2.0,5.0,1.0,3.0,4.0,46.0,7.0,8.0,8.0,3.0,18.0,2.0,2.0,5.0,12.0,2.0,13.0,7.0,3.0,4.0,1.0,6.0,2.0,1.0,1.0,4.0,4.0,5.0,3.0
514,202505,29,15.0,15.0,4.0,1.0,0.0,3.0,12.0,0.0,4.0,2.0,5.0,0.0,3.0,7.0,5.0,21.0,0.0,3.0,5.0,14.0,5.0,11.0,5.0,4.0,9.0,3.0,2.0,3.0,0.0,2.0,3.0,6.0,1.0,1.0
515,202505,30,9.0,19.0,9.0,4.0,11.0,17.0,3.0,9.0,3.0,94.0,12.0,111.0,33.0,25.0,12.0,28.0,9.0,7.0,20.0,18.0,4.0,11.0,24.0,7.0,40.0,17.0,37.0,4.0,3.0,1.0,6.0,7.0,2.0,11.0
516,202505,31,3.0,4.0,0.0,0.0,4.0,5.0,6.0,2.0,1.0,4.0,9.0,10.0,7.0,6.0,6.0,5.0,4.0,1.0,6.0,6.0,4.0,8.0,5.0,2.0,9.0,6.0,8.0,6.0,1.0,1.0,7.0,3.0,1.0,2.0
517,202506,1,1.0,13.0,3.0,5.0,9.0,9.0,2.0,5.0,4.0,1.0,11.0,2.0,4.0,5.0,4.0,16.0,2.0,4.0,7.0,13.0,1.0,10.0,7.0,3.0,9.0,2.0,9.0,1.0,9.0,1.0,6.0,7.0,1.0,1.0
518,202506,2,5.0,12.0,6.0,1.0,14.0,4.0,7.0,4.0,7.0,6.0,17.0,8.0,8.0,12.0,4.0,14.0,4.0,1.0,3.0,6.0,4.0,6.0,6.0,3.0,17.0,5.0,3.0,106.0,14.0,2.0,14.0,9.0,3.0,8.0
519,202506,3,2.0,24.0,4.0,1.0,2.0,7.0,3.0,1.0,11.0,3.0,11.0,1.0,2.0,11.0,5.0,21.0,0.0,0.0,13.0,9.0,5.0,10.0,9.0,7.0,5.0,2.0,4.0,8.0,6.0,2.0,3.0,9.0,4.0,0.0
520,202506,4,4.0,7.0,7.0,4.0,0.0,2.0,8.0,4.0,6.0,0.0,7.0,0.0,0.0,9.0,2.0,14.0,2.0,0.0,4.0,13.0,9.0,9.0,2.0,7.0,2.0,0.0,5.0,2.0,1.0,2.0,7.0,6.0,2.0,0.0
521,202506,5,2.0,11.0,14.0,11.0,5.0,9.0,15.0,2.0,2.0,2.0,8.0,19.0,17.0,10.0,19.0,55.0,5.0,6.0,17.0,12.0,5.0,14.0,14.0,5.0,18.0,2.0,17.0,0.0,3.0,12.0,3.0,35.0,5.0,36.0
522,202506,6,14.0,38.0,12.0,29.0,14.0,82.0,18.0,47.0,3.0,109.0,14.0,51.0,53.0,31.0,81.0,30.0,5.0,10.0,15.0,19.0,2.0,42.0,48.0,28.0,31.0,5.0,52.0,1.0,1.0,64.0,10.0,8.0,8.0,163.0
523,202506,7,2.0,14.0,5.0,2.0,3.0,23.0,6.0,6.0,1.0,15.0,7.0,14.0,13.0,18.0,18.0,16.0,0.0,5.0,11.0,8.0,4.0,12.0,13.0,6.0,19.0,8.0,16.0,2.0,3.0,60.0,4.0,1.0,4.0,3.0
524,202506,8,14.0,273.0,15.0,24.0,14.0,34.0,18.0,4.0,1.0,72.0,33.0,24.0,69.0,73.0,66.0,30.0,17.0,15.0,23.0,22.0,8.0,29.0,30.0,14.0,27.0,20.0,27.0,4.0,10.0,29.0,4.0,22.0,6.0,24.0
525,202506,9,6.0,64.0,14.0,6.0,2.0,15.0,12.0,2.0,5.0,10.0,87.0,7.0,13.0,25.0,21.0,16.0,10.0,9.0,15.0,32.0,9.0,28.0,12.0,11.0,14.0,5.0,8.0,3.0,6.0,4.0,4.0,19.0,11.0,8.0
526,202506,10,15.0,15.0,5.0,12.0,8.0,17.0,6.0,8.0,6.0,4.0,25.0,3.0,7.0,16.0,1.0,11.0,4.0,2.0,12.0,8.0,6.0,13.0,4.0,13.0,5.0,2.0,3.0,1.0,2.0,13.0,6.0,12.0,0.0,34.0
527,202506,11,3.0,373.0,31.0,12.0,21.0,10.0,18.0,4.0,9.0,7.0,120.0,8.0,22.0,25.0,11.0,49.0,25.0,11.0,19.0,20.0,16.0,27.0,23.0,31.0,14.0,6.0,7.0,10.0,5.0,0.0,6.0,13.0,6.0,8.0
528,202506,12,10.0,108.0,20.0,5.0,14.0,12.0,8.0,8.0,6.0,15.0,173.0,164.0,47.0,19.0,19.0,26.0,26.0,3.0,16.0,15.0,5.0,37.0,10.0,14.0,35.0,5.0,22.0,5.0,11.0,2.0,10.0,14.0,5.0,10.0
529,202506,13,12.0,21.0,9.0,13.0,10.0,23.0,14.0,15.0,4.0,103.0,74.0,112.0,46.0,17.0,11.0,45.0,13.0,6.0,19.0,18.0,8.0,22.0,29.0,16.0,16.0,21.0,29.0,9.0,11.0,4.0,2.0,3.0,4.0,4.0
530,202506,14,7.0,41.0,6.0,6.0,17.0,20.0,23.0,12.0,3.0,44.0,22.0,18.0,56.0,12.0,11.0,11.0,2.0,7.0,12.0,8.0,7.0,19.0,14.0,10.0,16.0,7.0,10.0,5.0,3.0,1.0,3.0,4.0,2.0,2.0
531,202506,15,6.0,286.0,36.0,26.0,27.0,17.0,15.0,6.0,6.0,63.0,393.0,77.0,72.0,26.0,27.0,68.0,51.0,11.0,33.0,18.0,21.0,50.0,28.0,23.0,33.0,6.0,25.0,23.0,10.0,5.0,2.0,21.0,17.0,11.0
532,202506,16,11.0,67.0,39.0,15.0,25.0,19.0,26.0,11.0,5.0,31.0,88.0,121.0,31.0,21.0,14.0,33.0,28.0,6.0,31.0,21.0,12.0,16.0,37.0,34.0,32.0,18.0,32.0,8.0,11.0,4.0,4.0,22.0,6.0,7.0
533,202506,17,9.0,23.0,24.0,15.0,6.0,43.0,22.0,9.0,8.0,57.0,18.0,30.0,29.0,34.0,17.0,174.0,4.0,2.0,21.0,25.0,16.0,37.0,27.0,26.0,19.0,4.0,22.0,4.0,2.0,18.0,3.0,2.0,14.0,39.0
534,202506,18,12.0,21.0,8.0,9.0,16.0,108.0,8.0,62.0,0.0,116.0,13.0,23.0,25.0,143.0,93.0,13.0,6.0,32.0,14.0,27.0,4.0,26.0,50.0,12.0,31.0,27.0,26.0,6.0,7.0,58.0,11.0,6.0,7.0,77.0
535,202506,19,93.0,21.0,10.0,17.0,11.0,134.0,11.0,139.0,3.0,187.0,28.0,68.0,56.0,53.0,92.0,15.0,1.0,17.0,19.0,21.0,7.0,45.0,84.0,28.0,85.0,28.0,95.0,18.0,14.0,108.0,3.0,14.0,7.0,267.0
536,202506,20,17.0,25.0,9.0,12.0,11.0,48.0,19.0,20.0,9.0,44.0,20.0,17.0,56.0,26.0,37.0,41.0,14.0,12.0,31.0,25.0,18.0,25.0,26.0,8.0,39.0,1.0,30.0,11.0,12.0,19.0,2.0,10.0,4.0,43.0
537,202506,21,57.0,1.0,8.0,9.0,6.0,6.0,9.0,4.0,4.0,15.0,12.0,5.0,7.0,8.0,17.0,23.0,2.0,0.0,1.0,4.0,9.0,1.0,9.0,2.0,8.0,0.0,11.0,3.0,4.0,8.0,2.0,4.0,2.0,7.0
538,202506,22,26.0,28.0,5.0,19.0,6.0,3.0,8.0,4.0,2.0,17.0,10.0,26.0,41.0,22.0,26.0,25.0,7.0,5.0,4.0,6.0,4.0,16.0,18.0,6.0,12.0,3.0,18.0,2.0,1.0,23.0,2.0,4.0,8.0,43.0
539,202506,23,3.0,25.0,9.0,9.0,9.0,12.0,5.0,4.0,0.0,18.0,14.0,8.0,10.0,21.0,5.0,14.0,4.0,4.0,6.0,13.0,3.0,3.0,4.0,15.0,8.0,1.0,6.0,3.0,2.0,2.0,0.0,8.0,1.0,8.0
540,202506,24,3.0,18.0,16.0,1.0,4.0,5.0,3.0,5.0,7.0,7.0,11.0,9.0,6.0,23.0,14.0,24.0,3.0,4.0,9.0,18.0,5.0,11.0,5.0,3.0,6.0,3.0,4.0,2.0,2.0,7.0,5.0,3.0,5.0,3.0
541,202506,25,16.0,183.0,18.0,16.0,9.0,29.0,5.0,14.0,0.0,85.0,27.0,179.0,33.0,61.0,23.0,30.0,12.0,9.0,18.0,17.0,4.0,47.0,35.0,32.0,31.0,0.0,31.0,12.0,6.0,13.0,1.0,14.0,5.0,94.0
542,202506,26,44.0,122.0,28.0,44.0,22.0,68.0,22.0,86.0,4.0,201.0,217.0,145.0,48.0,122.0,62.0,43.0,47.0,12.0,34.0,40.0,8.0,60.0,58.0,31.0,64.0,31.0,62.0,10.0,21.0,36.0,3.0,12.0,11.0,121.0
543,202506,27,71.0,110.0,28.0,37.0,53.0,97.0,25.0,57.0,2.0,216.0,68.0,186.0,564.0,118.0,90.0,22.0,25.0,18.0,42.0,42.0,13.0,91.0,98.0,48.0,88.0,32.0,70.0,40.0,30.0,68.0,2.0,27.0,10.0,88.0
544,202506,28,90.0,88.0,31.0,76.0,68.0,107.0,31.0,67.0,6.0,142.0,66.0,133.0,404.0,81.0,127.0,35.0,29.0,17.0,51.0,35.0,31.0,82.0,77.0,43.0,120.0,15.0,67.0,58.0,53.0,75.0,4.0,14.0,6.0,45.0
545,202506,29,17.0,31.0,7.0,18.0,18.0,31.0,18.0,6.0,4.0,77.0,26.0,93.0,74.0,39.0,37.0,23.0,10.0,4.0,18.0,30.0,8.0,38.0,21.0,14.0,34.0,7.0,45.0,28.0,22.0,16.0,2.0,11.0,10.0,19.0
546,202506,30,94.0,45.0,9.0,9.0,19.0,84.0,5.0,119.0,3.0,134.0,30.0,52.0,38.0,32.0,72.0,13.0,17.0,3.0,16.0,12.0,9.0,33.0,56.0,27.0,42.0,5.0,53.0,12.0,12.0,69.0,0.0,9.0,4.0,189.0
547,202507,1,101.0,29.0,10.0,18.0,19.0,127.0,8.0,82.0,2.0,183.0,24.0,78.0,58.0,71.0,63.0,24.0,4.0,11.0,28.0,20.0,4.0,48.0,47.0,23.0,53.0,19.0,91.0,22.0,25.0,77.0,2.0,34.0,11.0,156.0
548,202507,2,22.0,11.0,9.0,2.0,7.0,46.0,9.0,12.0,5.0,34.0,17.0,18.0,17.0,21.0,18.0,15.0,4.0,7.0,8.0,16.0,3.0,28.0,17.0,7.0,17.0,2.0,14.0,9.0,8.0,9.0,2.0,7.0,2.0,28.0
549,202507,3,40.0,11.0,10.0,7.0,7.0,29.0,6.0,8.0,1.0,20.0,27.0,11.0,7.0,21.0,23.0,10.0,4.0,3.0,13.0,15.0,3.0,17.0,19.0,7.0,22.0,3.0,18.0,4.0,4.0,32.0,1.0,5.0,1.0,70.0
550,202507,4,17.0,4.0,2.0,4.0,2.0,12.0,4.0,5.0,0.0,4.0,8.0,5.0,2.0,11.0,5.0,12.0,5.0,2.0,6.0,8.0,4.0,1.0,5.0,2.0,6.0,1.0,7.0,4.0,1.0,11.0,7.0,0.0,0.0,5.0
551,202507,5,4.0,2.0,2.0,6.0,1.0,2.0,6.0,2.0,4.0,0.0,2.0,1.0,1.0,9.0,3.0,29.0,0.0,0.0,4.0,11.0,6.0,0.0,3.0,4.0,5.0,1.0,2.0,2.0,0.0,4.0,3.0,3.0,2.0,0.0
552,202507,6,7.0,7.0,10.0,12.0,0.0,4.0,9.0,0.0,2.0,4.0,10.0,5.0,1.0,80.0,10.0,76.0,2.0,5.0,12.0,15.0,4.0,14.0,9.0,8.0,11.0,2.0,6.0,9.0,0.0,1.0,3.0,12.0,3.0,1.0
553,202507,7,18.0,19.0,7.0,4.0,2.0,11.0,12.0,2.0,3.0,11.0,12.0,5.0,6.0,28.0,14.0,30.0,4.0,7.0,13.0,16.0,7.0,21.0,12.0,3.0,12.0,1.0,12.0,5.0,3.0,21.0,4.0,7.0,1.0,24.0
554,202507,8,43.0,218.0,23.0,11.0,11.0,53.0,12.0,45.0,3.0,74.0,49.0,30.0,19.0,34.0,40.0,49.0,22.0,9.0,21.0,18.0,11.0,37.0,28.0,26.0,29.0,6.0,31.0,8.0,7.0,57.0,5.0,9.0,10.0,81.0
555,202507,9,27.0,68.0,18.0,12.0,15.0,70.0,15.0,51.0,2.0,93.0,92.0,87.0,20.0,31.0,37.0,19.0,16.0,8.0,23.0,19.0,6.0,41.0,24.0,20.0,34.0,7.0,47.0,11.0,10.0,40.0,2.0,9.0,8.0,36.0
556,202507,10,15.0,31.0,16.0,23.0,5.0,29.0,20.0,10.0,4.0,28.0,27.0,47.0,17.0,197.0,33.0,142.0,10.0,26.0,19.0,22.0,16.0,29.0,25.0,27.0,22.0,8.0,22.0,12.0,11.0,10.0,3.0,15.0,6.0,18.0
557,202507,11,6.0,16.0,17.0,51.0,7.0,6.0,18.0,4.0,7.0,7.0,14.0,9.0,40.0,169.0,15.0,117.0,7.0,11.0,21.0,26.0,14.0,12.0,19.0,19.0,8.0,5.0,10.0,9.0,8.0,6.0,3.0,13.0,9.0,5.0
558,202507,12,24.0,312.0,36.0,16.0,15.0,38.0,24.0,17.0,4.0,56.0,40.0,35.0,42.0,61.0,40.0,55.0,23.0,11.0,25.0,16.0,19.0,22.0,23.0,23.0,37.0,4.0,52.0,13.0,10.0,38.0,2.0,5.0,13.0,4.0
559,202507,13,64.0,218.0,32.0,18.0,20.0,81.0,23.0,19.0,3.0,98.0,101.0,46.0,38.0,66.0,48.0,57.0,48.0,9.0,28.0,35.0,12.0,40.0,33.0,27.0,47.0,23.0,27.0,26.0,22.0,49.0,12.0,24.0,15.0,56.0
560,202507,14,107.0,46.0,15.0,16.0,30.0,137.0,8.0,62.0,2.0,116.0,47.0,54.0,39.0,52.0,90.0,36.0,12.0,11.0,16.0,16.0,9.0,41.0,61.0,28.0,68.0,28.0,66.0,56.0,41.0,78.0,3.0,17.0,8.0,137.0
561,202507,15,74.0,28.0,17.0,14.0,11.0,58.0,10.0,20.0,7.0,55.0,28.0,45.0,26.0,34.0,30.0,24.0,9.0,6.0,21.0,14.0,10.0,26.0,31.0,11.0,26.0,7.0,29.0,20.0,20.0,16.0,1.0,14.0,7.0,40.0
562,202507,16,57.0,17.0,19.0,15.0,8.0,47.0,4.0,32.0,4.0,93.0,10.0,25.0,19.0,118.0,50.0,54.0,4.0,13.0,13.0,7.0,10.0,37.0,37.0,20.0,26.0,22.0,45.0,15.0,10.0,36.0,1.0,12.0,5.0,93.0
563,202507,17,32.0,18.0,9.0,5.0,2.0,31.0,22.0,6.0,8.0,35.0,15.0,9.0,12.0,24.0,17.0,11.0,3.0,5.0,24.0,13.0,4.0,34.0,22.0,10.0,12.0,3.0,20.0,11.0,8.0,13.0,2.0,14.0,3.0,26.0
564,202507,18,6.0,11.0,10.0,0.0,7.0,9.0,15.0,8.0,8.0,24.0,11.0,7.0,10.0,17.0,10.0,24.0,2.0,1.0,8.0,13.0,7.0,9.0,9.0,2.0,10.0,1.0,5.0,2.0,3.0,5.0,11.0,5.0,6.0,4.0
565,202507,19,5.0,7.0,10.0,3.0,5.0,7.0,13.0,10.0,4.0,29.0,9.0,1.0,5.0,42.0,7.0,12.0,3.0,20.0,2.0,13.0,5.0,5.0,9.0,3.0,14.0,4.0,7.0,5.0,0.0,1.0,6.0,7.0,2.0,3.0
566,202507,20,13.0,13.0,3.0,2.0,6.0,20.0,76.0,1.0,3.0,10.0,6.0,3.0,4.0,27.0,18.0,11.0,3.0,0.0,21.0,26.0,8.0,13.0,8.0,4.0,14.0,2.0,10.0,4.0,5.0,32.0,6.0,6.0,6.0,9.0
567,202507,21,7.0,18.0,8.0,5.0,1.0,9.0,45.0,5.0,16.0,1.0,8.0,4.0,6.0,12.0,5.0,14.0,7.0,3.0,20.0,28.0,12.0,10.0,7.0,8.0,12.0,2.0,6.0,4.0,2.0,4.0,9.0,8.0,8.0,1.0
568,202507,22,13.0,13.0,9.0,1.0,2.0,6.0,9.0,1.0,3.0,1.0,9.0,4.0,2.0,10.0,2.0,41.0,1.0,6.0,32.0,21.0,10.0,12.0,2.0,5.0,4.0,2.0,7.0,9.0,3.0,3.0,5.0,4.0,3.0,5.0
569,202507,23,7.0,9.0,7.0,2.0,1.0,2.0,9.0,2.0,0.0,0.0,6.0,1.0,2.0,14.0,2.0,27.0,5.0,4.0,17.0,16.0,3.0,11.0,4.0,5.0,5.0,0.0,5.0,6.0,0.0,1.0,3.0,6.0,4.0,2.0
570,202507,24,10.0,11.0,8.0,5.0,1.0,6.0,8.0,2.0,6.0,5.0,7.0,3.0,1.0,69.0,6.0,50.0,3.0,9.0,13.0,27.0,2.0,19.0,7.0,5.0,4.0,2.0,8.0,2.0,0.0,0.0,6.0,4.0,2.0,2.0
571,202507,25,40.0,26.0,10.0,9.0,8.0,40.0,17.0,16.0,3.0,43.0,70.0,19.0,18.0,46.0,34.0,34.0,3.0,40.0,23.0,31.0,5.0,19.0,24.0,13.0,21.0,6.0,20.0,4.0,5.0,44.0,1.0,9.0,3.0,90.0
572,202507,26,6.0,17.0,10.0,6.0,5.0,13.0,12.0,8.0,6.0,12.0,18.0,11.0,7.0,19.0,19.0,23.0,5.0,24.0,14.0,16.0,6.0,12.0,12.0,6.0,14.0,7.0,6.0,3.0,6.0,11.0,3.0,5.0,5.0,13.0
573,202507,27,84.0,25.0,16.0,19.0,12.0,81.0,25.0,52.0,4.0,169.0,28.0,69.0,44.0,62.0,46.0,14.0,4.0,10.0,19.0,23.0,6.0,32.0,37.0,14.0,67.0,75.0,70.0,32.0,18.0,53.0,4.0,7.0,7.0,96.0
574,202507,28,50.0,21.0,12.0,27.0,7.0,38.0,15.0,11.0,4.0,38.0,13.0,17.0,21.0,43.0,69.0,35.0,14.0,11.0,17.0,21.0,6.0,11.0,18.0,5.0,25.0,7.0,16.0,14.0,7.0,7.0,2.0,8.0,5.0,16.0
575,202507,29,14.0,7.0,5.0,7.0,4.0,6.0,18.0,6.0,1.0,4.0,13.0,8.0,5.0,18.0,10.0,24.0,9.0,2.0,13.0,18.0,3.0,11.0,8.0,2.0,10.0,2.0,4.0,1.0,5.0,4.0,64.0,3.0,6.0,2.0
576,202507,30,13.0,9.0,11.0,6.0,0.0,14.0,7.0,5.0,1.0,13.0,6.0,9.0,3.0,50.0,14.0,15.0,3.0,5.0,14.0,22.0,1.0,15.0,15.0,5.0,9.0,2.0,9.0,6.0,3.0,20.0,19.0,6.0,4.0,34.0
577,202507,31,97.0,35.0,8.0,15.0,16.0,130.0,15.0,76.0,6.0,154.0,22.0,42.0,54.0,54.0,58.0,28.0,10.0,13.0,12.0,15.0,6.0,36.0,62.0,27.0,67.0,47.0,71.0,19.0,21.0,63.0,3.0,8.0,2.0,132.0
578,202508,1,21.0,48.0,26.0,22.0,28.0,59.0,25.0,26.0,4.0,61.0,29.0,92.0,123.0,28.0,39.0,37.0,12.0,9.0,30.0,33.0,13.0,33.0,31.0,20.0,44.0,16.0,23.0,15.0,17.0,17.0,10.0,27.0,10.0,32.0
579,202508,2,30.0,22.0,8.0,9.0,8.0,10.0,19.0,7.0,1.0,16.0,16.0,20.0,35.0,22.0,19.0,75.0,7.0,4.0,12.0,10.0,9.0,15.0,16.0,10.0,21.0,5.0,7.0,7.0,7.0,5.0,4.0,5.0,6.0,8.0
580,202508,3,6.0,102.0,7.0,4.0,6.0,5.0,16.0,2.0,6.0,5.0,12.0,8.0,16.0,14.0,14.0,14.0,6.0,2.0,13.0,18.0,3.0,19.0,7.0,9.0,8.0,2.0,13.0,9.0,2.0,3.0,5.0,9.0,4.0,3.0
581,202508,4,3.0,41.0,8.0,3.0,6.0,10.0,20.0,6.0,4.0,4.0,21.0,8.0,8.0,14.0,7.0,10.0,6.0,2.0,15.0,13.0,6.0,4.0,2.0,5.0,15.0,1.0,5.0,4.0,4.0,4.0,4.0,5.0,4.0,8.0
582,202508,5,9.0,8.0,4.0,0.0,1.0,4.0,17.0,1.0,4.0,2.0,4.0,0.0,3.0,7.0,2.0,4.0,1.0,0.0,8.0,12.0,3.0,7.0,2.0,1.0,2.0,0.0,5.0,2.0,4.0,2.0,4.0,4.0,2.0,3.0
583,202508,6,17.0,6.0,8.0,1.0,2.0,2.0,21.0,4.0,6.0,4.0,34.0,0.0,5.0,41.0,6.0,47.0,2.0,3.0,19.0,34.0,7.0,12.0,1.0,1.0,8.0,0.0,3.0,4.0,1.0,2.0,4.0,3.0,6.0,7.0
584,202508,7,10.0,10.0,8.0,14.0,7.0,9.0,12.0,3.0,3.0,7.0,17.0,8.0,9.0,33.0,8.0,27.0,11.0,0.0,24.0,25.0,13.0,10.0,10.0,5.0,7.0,4.0,7.0,4.0,5.0,0.0,1.0,6.0,4.0,9.0
585,202508,8,3.0,8.0,2.0,0.0,0.0,2.0,8.0,3.0,7.0,2.0,15.0,3.0,4.0,9.0,1.0,17.0,1.0,2.0,8.0,11.0,2.0,8.0,8.0,1.0,10.0,0.0,5.0,4.0,5.0,3.0,5.0,4.0,1.0,2.0
586,202508,9,15.0,4.0,2.0,1.0,0.0,4.0,4.0,2.0,4.0,7.0,11.0,5.0,2.0,23.0,4.0,17.0,1.0,2.0,5.0,10.0,3.0,6.0,7.0,2.0,9.0,0.0,4.0,4.0,2.0,3.0,3.0,5.0,1.0,2.0
587,202508,10,3.0,6.0,9.0,5.0,2.0,2.0,9.0,6.0,3.0,7.0,13.0,16.0,8.0,35.0,1.0,61.0,2.0,4.0,12.0,9.0,6.0,6.0,4.0,6.0,12.0,2.0,3.0,6.0,3.0,2.0,3.0,6.0,6.0,2.0
588,202508,11,2.0,15.0,3.0,1.0,1.0,4.0,7.0,1.0,1.0,6.0,7.0,1.0,2.0,17.0,3.0,8.0,1.0,0.0,6.0,15.0,6.0,2.0,4.0,6.0,5.0,2.0,6.0,3.0,2.0,1.0,1.0,6.0,3.0,1.0
589,202508,12,5.0,3.0,6.0,9.0,1.0,5.0,5.0,1.0,13.0,4.0,3.0,5.0,4.0,109.0,15.0,5.0,6.0,13.0,6.0,8.0,2.0,10.0,16.0,8.0,3.0,2.0,6.0,1.0,0.0,2.0,1.0,2.0,0.0,3.0
590,202508,13,46.0,11.0,2.0,14.0,7.0,74.0,9.0,25.0,24.0,84.0,17.0,23.0,10.0,25.0,43.0,14.0,5.0,7.0,7.0,14.0,4.0,38.0,34.0,16.0,26.0,28.0,17.0,10.0,5.0,36.0,3.0,4.0,2.0,82.0
591,202508,14,16.0,6.0,5.0,4.0,6.0,15.0,6.0,4.0,0.0,32.0,8.0,6.0,6.0,15.0,10.0,16.0,3.0,0.0,10.0,2.0,4.0,14.0,12.0,0.0,12.0,4.0,18.0,4.0,5.0,7.0,2.0,6.0,4.0,13.0
592,202508,15,8.0,3.0,0.0,1.0,3.0,6.0,6.0,1.0,3.0,5.0,7.0,2.0,8.0,21.0,3.0,15.0,3.0,1.0,8.0,12.0,3.0,12.0,7.0,3.0,3.0,1.0,10.0,5.0,0.0,3.0,3.0,1.0,2.0,0.0
593,202508,16,3.0,6.0,2.0,12.0,3.0,8.0,8.0,7.0,9.0,2.0,6.0,7.0,6.0,206.0,6.0,9.0,3.0,15.0,2.0,7.0,4.0,7.0,14.0,12.0,4.0,1.0,3.0,2.0,0.0,1.0,1.0,2.0,3.0,1.0
594,202508,17,25.0,8.0,11.0,21.0,3.0,18.0,7.0,29.0,3.0,42.0,11.0,10.0,13.0,110.0,33.0,12.0,2.0,15.0,8.0,14.0,4.0,15.0,23.0,26.0,16.0,6.0,11.0,4.0,1.0,3.0,1.0,5.0,3.0,18.0
595,202508,18,21.0,15.0,6.0,45.0,7.0,29.0,6.0,11.0,3.0,20.0,10.0,16.0,11.0,308.0,23.0,17.0,6.0,34.0,8.0,22.0,4.0,13.0,32.0,31.0,24.0,3.0,11.0,8.0,4.0,5.0,2.0,9.0,3.0,14.0
596,202508,19,8.0,10.0,6.0,13.0,0.0,16.0,8.0,2.0,9.0,5.0,14.0,4.0,3.0,54.0,9.0,7.0,5.0,5.0,10.0,9.0,6.0,6.0,11.0,6.0,9.0,0.0,5.0,3.0,1.0,1.0,7.0,0.0,0.0,4.0
597,202508,20,8.0,90.0,17.0,4.0,4.0,3.0,1.0,2.0,2.0,6.0,18.0,4.0,1.0,19.0,4.0,8.0,6.0,3.0,6.0,5.0,4.0,21.0,8.0,10.0,3.0,0.0,7.0,4.0,3.0,1.0,4.0,5.0,1.0,2.0
598,202508,21,3.0,5.0,9.0,0.0,3.0,1.0,2.0,2.0,0.0,2.0,7.0,6.0,6.0,9.0,6.0,7.0,4.0,3.0,1.0,4.0,9.0,13.0,7.0,3.0,3.0,2.0,6.0,7.0,1.0,0.0,1.0,9.0,4.0,0.0
599,202508,22,6.0,8.0,3.0,2.0,2.0,4.0,5.0,1.0,0.0,1.0,21.0,2.0,2.0,22.0,1.0,12.0,0.0,0.0,7.0,5.0,4.0,9.0,7.0,3.0,11.0,3.0,6.0,6.0,1.0,0.0,3.0,11.0,5.0,1.0
600,202508,23,3.0,3.0,4.0,2.0,3.0,4.0,3.0,1.0,2.0,0.0,9.0,4.0,2.0,11.0,0.0,7.0,1.0,1.0,5.0,5.0,3.0,4.0,4.0,1.0,7.0,0.0,6.0,4.0,1.0,2.0,2.0,5.0,4.0,1.0
601,202508,24,6.0,9.0,6.0,2.0,0.0,2.0,5.0,3.0,4.0,1.0,4.0,2.0,3.0,7.0,6.0,11.0,4.0,2.0,9.0,10.0,2.0,17.0,1.0,3.0,1.0,0.0,5.0,5.0,2.0,0.0,0.0,4.0,2.0,1.0
602,202508,25,5.0,7.0,16.0,2.0,1.0,5.0,10.0,1.0,4.0,2.0,7.0,4.0,3.0,13.0,0.0,17.0,1.0,3.0,19.0,17.0,4.0,4.0,3.0,5.0,5.0,2.0,6.0,4.0,1.0,1.0,2.0,6.0,8.0,0.0
603,202508,26,8.0,4.0,4.0,2.0,2.0,3.0,4.0,0.0,5.0,3.0,9.0,1.0,1.0,11.0,4.0,32.0,1.0,5.0,5.0,15.0,0.0,8.0,1.0,4.0,8.0,1.0,4.0,4.0,2.0,3.0,1.0,3.0,7.0,0.0
604,202508,27,3.0,3.0,2.0,0.0,2.0,4.0,2.0,1.0,2.0,5.0,4.0,4.0,3.0,6.0,1.0,27.0,2.0,3.0,6.0,1.0,3.0,14.0,3.0,2.0,6.0,1.0,5.0,3.0,0.0,1.0,1.0,3.0,1.0,0.0
605,202508,28,15.0,187.0,14.0,8.0,6.0,2.0,6.0,8.0,4.0,4.0,20.0,9.0,9.0,17.0,7.0,21.0,8.0,7.0,17.0,4.0,2.0,19.0,7.0,10.0,6.0,1.0,2.0,11.0,4.0,2.0,3.0,7.0,8.0,4.0
606,202508,29,4.0,62.0,9.0,4.0,2.0,2.0,2.0,1.0,0.0,4.0,28.0,3.0,5.0,18.0,3.0,9.0,25.0,2.0,11.0,7.0,3.0,7.0,8.0,7.0,6.0,0.0,4.0,2.0,5.0,0.0,6.0,4.0,3.0,2.0
607,202508,30,3.0,215.0,13.0,8.0,10.0,5.0,13.0,6.0,4.0,4.0,17.0,8.0,7.0,17.0,5.0,13.0,12.0,2.0,16.0,8.0,11.0,14.0,11.0,12.0,9.0,3.0,8.0,9.0,3.0,1.0,5.0,1.0,6.0,3.0
608,202508,31,5.0,54.0,6.0,7.0,7.0,4.0,9.0,3.0,5.0,4.0,18.0,4.0,1.0,6.0,7.0,5.0,6.0,0.0,13.0,8.0,5.0,27.0,6.0,3.0,9.0,5.0,3.0,11.0,2.0,2.0,0.0,7.0,4.0,0.0
